{
    "version": "0.4",
    "title": "404 Error",
    "type": "page",
    "metadata": {
        "template_type": "single-page",
        "include_in_zip": "1",
        "elementor_pro_required": null,
        "wp_page_template": "elementor_header_footer"
    },
    "content": [
        {
            "id": "7a89aca0",
            "settings": {
                "flex_direction": "column",
                "min_height": {
                    "unit": "vh",
                    "size": 90,
                    "sizes": []
                },
                "min_height_tablet": {
                    "unit": "vh",
                    "size": "",
                    "sizes": []
                },
                "min_height_mobile": {
                    "unit": "vh",
                    "size": "",
                    "sizes": []
                },
                "flex_justify_content": "center",
                "flex_align_items": "center",
                "background_background": "classic",
                "background_image": {
                    "url": "http:\/\/gtkit.rometheme.pro\/gimmigrate\/wp-content\/uploads\/sites\/6\/2022\/07\/specialist-rejecting-travel-visa-at-table-DZXCZJD.jpg",
                    "id": 519,
                    "size": "",
                    "alt": "",
                    "source": "library"
                },
                "background_position": "center center",
                "background_size": "cover",
                "background_overlay_background": "classic",
                "__globals__": {
                    "background_overlay_color": "globals\/colors?id=primary"
                }
            },
            "elements": [
                {
                    "id": "11fe8498",
                    "settings": {
                        "title": "Error",
                        "align": "left",
                        "__globals__": {
                            "title_color": "globals\/colors?id=13ff17d",
                            "typography_typography": "globals\/typography?id=b9ca720"
                        },
                        "header_size": "div",
                        "_background_color_stop_tablet": {
                            "unit": "%",
                            "size": "",
                            "sizes": []
                        },
                        "_background_color_stop_mobile": {
                            "unit": "%",
                            "size": "",
                            "sizes": []
                        },
                        "_background_color_b_stop_tablet": {
                            "unit": "%",
                            "size": "",
                            "sizes": []
                        },
                        "_background_color_b_stop_mobile": {
                            "unit": "%",
                            "size": "",
                            "sizes": []
                        },
                        "_background_gradient_angle_tablet": {
                            "unit": "deg",
                            "size": "",
                            "sizes": []
                        },
                        "_background_gradient_angle_mobile": {
                            "unit": "deg",
                            "size": "",
                            "sizes": []
                        },
                        "_background_gradient_position_tablet": "center center",
                        "_background_gradient_position_mobile": "center center",
                        "_background_hover_color_stop_tablet": {
                            "unit": "%",
                            "size": "",
                            "sizes": []
                        },
                        "_background_hover_color_stop_mobile": {
                            "unit": "%",
                            "size": "",
                            "sizes": []
                        },
                        "_background_hover_color_b_stop_tablet": {
                            "unit": "%",
                            "size": "",
                            "sizes": []
                        },
                        "_background_hover_color_b_stop_mobile": {
                            "unit": "%",
                            "size": "",
                            "sizes": []
                        },
                        "_background_hover_gradient_angle_tablet": {
                            "unit": "deg",
                            "size": "",
                            "sizes": []
                        },
                        "_background_hover_gradient_angle_mobile": {
                            "unit": "deg",
                            "size": "",
                            "sizes": []
                        },
                        "_background_hover_gradient_position_tablet": "center center",
                        "_background_hover_gradient_position_mobile": "center center"
                    },
                    "elements": [],
                    "isInner": false,
                    "widgetType": "heading",
                    "elType": "widget"
                },
                {
                    "id": "2f251551",
                    "settings": {
                        "title": "404",
                        "header_size": "div",
                        "__globals__": {
                            "typography_typography": "globals\/typography?id=4bcabd0",
                            "title_color": "globals\/colors?id=secondary"
                        }
                    },
                    "elements": [],
                    "isInner": false,
                    "widgetType": "heading",
                    "elType": "widget"
                },
                {
                    "id": "7ccfcd1c",
                    "settings": {
                        "title": "Oops! Page not Found",
                        "align": "center",
                        "_margin": {
                            "unit": "em",
                            "top": "0",
                            "right": "0",
                            "bottom": "0",
                            "left": "0",
                            "isLinked": false
                        },
                        "_margin_tablet": {
                            "unit": "em",
                            "top": "",
                            "right": "",
                            "bottom": "",
                            "left": "",
                            "isLinked": true
                        },
                        "_margin_mobile": {
                            "unit": "em",
                            "top": "",
                            "right": "",
                            "bottom": "",
                            "left": "",
                            "isLinked": true
                        },
                        "__globals__": {
                            "title_color": "globals\/colors?id=secondary",
                            "typography_typography": ""
                        },
                        "header_size": "h3",
                        "title_color": "#F2F2F2",
                        "typography_font_family": "Lato",
                        "typography_font_size": {
                            "unit": "rem",
                            "size": 3,
                            "sizes": []
                        },
                        "typography_font_size_tablet": {
                            "unit": "rem",
                            "size": 2.5,
                            "sizes": []
                        },
                        "typography_font_size_mobile": {
                            "unit": "rem",
                            "size": 2,
                            "sizes": []
                        },
                        "typography_font_weight": "600",
                        "typography_line_height": {
                            "unit": "em",
                            "size": 1.2,
                            "sizes": []
                        },
                        "typography_line_height_tablet": {
                            "unit": "em",
                            "size": 1.2,
                            "sizes": []
                        }
                    },
                    "elements": [],
                    "isInner": false,
                    "widgetType": "heading",
                    "elType": "widget"
                },
                {
                    "id": "6df67267",
                    "settings": {
                        "editor": "<p>Aliquam hendrerit enim erat, ut luctus leo interdum ac. Suspendisse libero diam, accumsan ut ex at, consequat lobortis tortor. Aenean a leo sollicitudin augue.<\/p>",
                        "align": "center",
                        "_margin": {
                            "unit": "em",
                            "top": "",
                            "right": "",
                            "bottom": "",
                            "left": "",
                            "isLinked": true
                        },
                        "_margin_tablet": {
                            "unit": "em",
                            "top": "",
                            "right": "",
                            "bottom": "",
                            "left": "",
                            "isLinked": true
                        },
                        "_margin_mobile": {
                            "unit": "em",
                            "top": "0",
                            "right": "0",
                            "bottom": "0",
                            "left": "0",
                            "isLinked": true
                        },
                        "__globals__": {
                            "text_color": "globals\/colors?id=secondary",
                            "typography_typography": ""
                        },
                        "_element_width": "initial",
                        "_element_custom_width": {
                            "unit": "%",
                            "size": 53,
                            "sizes": []
                        },
                        "_element_custom_width_tablet": {
                            "unit": "%",
                            "size": 100,
                            "sizes": []
                        },
                        "_element_custom_width_mobile": {
                            "unit": "%",
                            "size": "",
                            "sizes": []
                        }
                    },
                    "elements": [],
                    "isInner": false,
                    "widgetType": "text-editor",
                    "elType": "widget"
                },
                {
                    "id": "fc2762b",
                    "settings": {
                        "text": "Back to Home"
                    },
                    "elements": [],
                    "isInner": false,
                    "widgetType": "button",
                    "elType": "widget"
                }
            ],
            "isInner": false,
            "elType": "container"
        }
    ]
}