{
    "version": "0.4",
    "title": "Blog",
    "type": "page",
    "metadata": {
        "template_type": "single-page",
        "include_in_zip": "1",
        "elementor_pro_required": null,
        "wp_page_template": "elementor_header_footer"
    },
    "content": [
        {
            "id": "2f7e0e95",
            "settings": {
                "flex_direction": "column",
                "min_height": {
                    "unit": "vh",
                    "size": 50,
                    "sizes": []
                },
                "min_height_tablet": {
                    "unit": "vh",
                    "size": "",
                    "sizes": []
                },
                "min_height_mobile": {
                    "unit": "vh",
                    "size": "",
                    "sizes": []
                },
                "flex_justify_content": "center",
                "flex_align_items": "center",
                "background_background": "classic",
                "background_image": {
                    "url": "http:\/\/gtkit.rometheme.pro\/gimmigrate\/wp-content\/uploads\/sites\/6\/2022\/07\/specialist-approving-visa-application-at-table-926ZJQGb.jpg",
                    "id": 258,
                    "size": "",
                    "alt": "",
                    "source": "library"
                },
                "background_position": "center center",
                "background_size": "cover",
                "background_overlay_background": "gradient",
                "background_overlay_color_b_stop": {
                    "unit": "%",
                    "size": 75,
                    "sizes": []
                },
                "__globals__": {
                    "background_overlay_color": "globals\/colors?id=f8dc47e",
                    "background_overlay_color_b": "globals\/colors?id=primary"
                }
            },
            "elements": [
                {
                    "id": "7b167cdb",
                    "settings": {
                        "title": "Our Blog",
                        "__globals__": {
                            "title_color": "globals\/colors?id=secondary"
                        },
                        "_background_color_stop_tablet": {
                            "unit": "%",
                            "size": "",
                            "sizes": []
                        },
                        "_background_color_stop_mobile": {
                            "unit": "%",
                            "size": "",
                            "sizes": []
                        },
                        "_background_color_b_stop_tablet": {
                            "unit": "%",
                            "size": "",
                            "sizes": []
                        },
                        "_background_color_b_stop_mobile": {
                            "unit": "%",
                            "size": "",
                            "sizes": []
                        },
                        "_background_gradient_angle_tablet": {
                            "unit": "deg",
                            "size": "",
                            "sizes": []
                        },
                        "_background_gradient_angle_mobile": {
                            "unit": "deg",
                            "size": "",
                            "sizes": []
                        },
                        "_background_gradient_position_tablet": "center center",
                        "_background_gradient_position_mobile": "center center",
                        "_background_hover_color_stop_tablet": {
                            "unit": "%",
                            "size": "",
                            "sizes": []
                        },
                        "_background_hover_color_stop_mobile": {
                            "unit": "%",
                            "size": "",
                            "sizes": []
                        },
                        "_background_hover_color_b_stop_tablet": {
                            "unit": "%",
                            "size": "",
                            "sizes": []
                        },
                        "_background_hover_color_b_stop_mobile": {
                            "unit": "%",
                            "size": "",
                            "sizes": []
                        },
                        "_background_hover_gradient_angle_tablet": {
                            "unit": "deg",
                            "size": "",
                            "sizes": []
                        },
                        "_background_hover_gradient_angle_mobile": {
                            "unit": "deg",
                            "size": "",
                            "sizes": []
                        },
                        "_background_hover_gradient_position_tablet": "center center",
                        "_background_hover_gradient_position_mobile": "center center"
                    },
                    "elements": [],
                    "isInner": false,
                    "widgetType": "heading",
                    "elType": "widget"
                },
                {
                    "id": "3b2f4b28",
                    "settings": {
                        "editor": "<p><a href=\"#\">Home<\/a> \/ Blog<\/p>",
                        "__globals__": {
                            "text_color": "globals\/colors?id=accent"
                        },
                        "_background_color_stop_tablet": {
                            "unit": "%",
                            "size": "",
                            "sizes": []
                        },
                        "_background_color_stop_mobile": {
                            "unit": "%",
                            "size": "",
                            "sizes": []
                        },
                        "_background_color_b_stop_tablet": {
                            "unit": "%",
                            "size": "",
                            "sizes": []
                        },
                        "_background_color_b_stop_mobile": {
                            "unit": "%",
                            "size": "",
                            "sizes": []
                        },
                        "_background_gradient_angle_tablet": {
                            "unit": "deg",
                            "size": "",
                            "sizes": []
                        },
                        "_background_gradient_angle_mobile": {
                            "unit": "deg",
                            "size": "",
                            "sizes": []
                        },
                        "_background_gradient_position_tablet": "center center",
                        "_background_gradient_position_mobile": "center center",
                        "_background_hover_color_stop_tablet": {
                            "unit": "%",
                            "size": "",
                            "sizes": []
                        },
                        "_background_hover_color_stop_mobile": {
                            "unit": "%",
                            "size": "",
                            "sizes": []
                        },
                        "_background_hover_color_b_stop_tablet": {
                            "unit": "%",
                            "size": "",
                            "sizes": []
                        },
                        "_background_hover_color_b_stop_mobile": {
                            "unit": "%",
                            "size": "",
                            "sizes": []
                        },
                        "_background_hover_gradient_angle_tablet": {
                            "unit": "deg",
                            "size": "",
                            "sizes": []
                        },
                        "_background_hover_gradient_angle_mobile": {
                            "unit": "deg",
                            "size": "",
                            "sizes": []
                        },
                        "_background_hover_gradient_position_tablet": "center center",
                        "_background_hover_gradient_position_mobile": "center center"
                    },
                    "elements": [],
                    "isInner": false,
                    "widgetType": "text-editor",
                    "elType": "widget"
                }
            ],
            "isInner": false,
            "elType": "container"
        },
        {
            "id": "63671694",
            "settings": {
                "flex_direction": "column",
                "flex_align_items": "center",
                "padding": {
                    "unit": "em",
                    "top": "7",
                    "right": "0",
                    "bottom": "7",
                    "left": "0",
                    "isLinked": false
                },
                "padding_tablet": {
                    "unit": "em",
                    "top": "",
                    "right": "",
                    "bottom": "",
                    "left": "",
                    "isLinked": true
                },
                "padding_mobile": {
                    "unit": "em",
                    "top": "",
                    "right": "",
                    "bottom": "",
                    "left": "",
                    "isLinked": true
                }
            },
            "elements": [
                {
                    "id": "468c42df",
                    "settings": {
                        "title": "Blog",
                        "align": "center",
                        "__globals__": {
                            "title_color": "globals\/colors?id=13ff17d",
                            "typography_typography": "globals\/typography?id=b9ca720"
                        },
                        "header_size": "div"
                    },
                    "elements": [],
                    "isInner": false,
                    "widgetType": "heading",
                    "elType": "widget"
                },
                {
                    "id": "5e96f3c7",
                    "settings": {
                        "title": "Latest News For You",
                        "align": "center",
                        "__globals__": {
                            "title_color": "",
                            "typography_typography": ""
                        },
                        "header_size": "h3",
                        "typography_font_family": "Lato",
                        "typography_font_size": {
                            "unit": "rem",
                            "size": 3,
                            "sizes": []
                        },
                        "typography_font_size_tablet": {
                            "unit": "rem",
                            "size": 2.5,
                            "sizes": []
                        },
                        "typography_font_size_mobile": {
                            "unit": "rem",
                            "size": 2,
                            "sizes": []
                        },
                        "typography_font_weight": "600",
                        "typography_line_height": {
                            "unit": "em",
                            "size": 1.2,
                            "sizes": []
                        },
                        "typography_line_height_tablet": {
                            "unit": "em",
                            "size": 1.2,
                            "sizes": []
                        },
                        "_animation": "fadeInUp",
                        "animation_duration": "slow"
                    },
                    "elements": [],
                    "isInner": false,
                    "widgetType": "heading",
                    "elType": "widget"
                },
                {
                    "id": "1dbd066f",
                    "settings": {
                        "editor": "<p>Aliquam hendrerit enim erat, ut luctus leo interdum ac. Suspendisse libero diam, accumsan ut ex at, consequat lobortis tortor. Aenean a leo sollicitudin augue.<\/p>",
                        "align": "center",
                        "_margin": {
                            "unit": "em",
                            "top": "",
                            "right": "",
                            "bottom": "",
                            "left": "",
                            "isLinked": true
                        },
                        "_margin_tablet": {
                            "unit": "em",
                            "top": "",
                            "right": "",
                            "bottom": "",
                            "left": "",
                            "isLinked": true
                        },
                        "_margin_mobile": {
                            "unit": "em",
                            "top": "0",
                            "right": "0",
                            "bottom": "0",
                            "left": "0",
                            "isLinked": true
                        },
                        "__globals__": {
                            "text_color": "",
                            "typography_typography": ""
                        },
                        "_element_width": "initial",
                        "_element_custom_width": {
                            "unit": "%",
                            "size": 53,
                            "sizes": []
                        },
                        "_element_custom_width_tablet": {
                            "unit": "%",
                            "size": 100,
                            "sizes": []
                        },
                        "_element_custom_width_mobile": {
                            "unit": "%",
                            "size": "",
                            "sizes": []
                        }
                    },
                    "elements": [],
                    "isInner": false,
                    "widgetType": "text-editor",
                    "elType": "widget"
                },
                {
                    "id": "5f9b4f4f",
                    "settings": {
                        "img-aspect-ratio": "3\/2",
                        "thumbnail_size": "full",
                        "truncate-title": 9,
                        "truncate-content": 21,
                        "post-count": 6,
                        "show-floating-date": "",
                        "meta_position": "after_title",
                        "metadata-select": [
                            "date",
                            "comment"
                        ],
                        "comment-icon": {
                            "value": "icon icon-comment2",
                            "library": "ekiticons"
                        },
                        "readmore-text": "Read More",
                        "show_icon_readmore": "yes",
                        "icon_readmore": {
                            "value": "fas fa-chevron-right",
                            "library": "fa-solid"
                        },
                        "btn_align": "left",
                        "wrapper_background_background": "classic",
                        "container_border_radius": {
                            "unit": "px",
                            "top": "10",
                            "right": "10",
                            "bottom": "10",
                            "left": "10",
                            "isLinked": true
                        },
                        "container_padding": {
                            "unit": "px",
                            "top": "20",
                            "right": "20",
                            "bottom": "20",
                            "left": "20",
                            "isLinked": true
                        },
                        "content_padding": {
                            "unit": "em",
                            "top": "1",
                            "right": "0",
                            "bottom": "1",
                            "left": "0",
                            "isLinked": false
                        },
                        "content_padding_tablet": {
                            "unit": "em",
                            "top": "",
                            "right": "",
                            "bottom": "",
                            "left": "",
                            "isLinked": true
                        },
                        "content_padding_mobile": {
                            "unit": "em",
                            "top": "",
                            "right": "",
                            "bottom": "",
                            "left": "",
                            "isLinked": true
                        },
                        "img-border-radius": {
                            "unit": "px",
                            "top": "10",
                            "right": "10",
                            "bottom": "10",
                            "left": "10",
                            "isLinked": true
                        },
                        "meta_align_row": "flex-start",
                        "meta-margin": {
                            "unit": "px",
                            "top": "0",
                            "right": "15",
                            "bottom": "15",
                            "left": "0",
                            "isLinked": false
                        },
                        "meta-icon-spacing": {
                            "unit": "px",
                            "top": "0",
                            "right": "10",
                            "bottom": "0",
                            "left": "0",
                            "isLinked": false
                        },
                        "icon_size": {
                            "unit": "px",
                            "size": 20,
                            "sizes": []
                        },
                        "title_align": "left",
                        "title_margin": {
                            "unit": "px",
                            "top": "0",
                            "right": "0",
                            "bottom": "10",
                            "left": "0",
                            "isLinked": false
                        },
                        "title_padding": {
                            "unit": "em",
                            "top": "",
                            "right": "",
                            "bottom": "",
                            "left": "",
                            "isLinked": true
                        },
                        "title_padding_tablet": {
                            "unit": "em",
                            "top": "",
                            "right": "",
                            "bottom": "",
                            "left": "",
                            "isLinked": true
                        },
                        "title_padding_mobile": {
                            "unit": "em",
                            "top": "",
                            "right": "",
                            "bottom": "",
                            "left": "",
                            "isLinked": true
                        },
                        "content_align": "left",
                        "paragraph_margin": {
                            "unit": "px",
                            "top": "0",
                            "right": "0",
                            "bottom": "25",
                            "left": "0",
                            "isLinked": false
                        },
                        "button_padding": {
                            "unit": "px",
                            "top": "0",
                            "right": "0",
                            "bottom": "0",
                            "left": "0",
                            "isLinked": true
                        },
                        "btn_background_normal_background": "classic",
                        "btn_background_hover_background": "classic",
                        "__globals__": {
                            "wrapper_background_color": "globals\/colors?id=primary",
                            "meta_typography_typography": "globals\/typography?id=cfb4b20",
                            "meta-iconcolor-normal": "globals\/colors?id=13ff17d",
                            "meta-color-normal": "globals\/colors?id=secondary",
                            "title_typography_typography": "globals\/typography?id=32c26e0",
                            "title_color_normal": "globals\/colors?id=accent",
                            "title_color_hover": "globals\/colors?id=accent",
                            "blog_content_typography_typography": "globals\/typography?id=text",
                            "content_color": "globals\/colors?id=fdba9a6",
                            "content_hover_color": "globals\/colors?id=secondary",
                            "readmore_button_typography_typography": "globals\/typography?id=accent",
                            "btn_text_color_normal": "globals\/colors?id=13ff17d",
                            "btn_background_normal_color": "globals\/colors?id=f340149",
                            "btn_text_color_hover": "globals\/colors?id=accent",
                            "btn_background_hover_color": "globals\/colors?id=f340149"
                        }
                    },
                    "elements": [],
                    "isInner": false,
                    "widgetType": "rkit-blog-post",
                    "elType": "widget"
                }
            ],
            "isInner": false,
            "elType": "container"
        },
        {
            "id": "3b141620",
            "settings": {
                "flex_direction": "row",
                "flex_gap": {
                    "unit": "px",
                    "size": 0,
                    "column": "0",
                    "row": "0"
                },
                "flex_direction_tablet": "column",
                "flex_align_items": "center",
                "flex_align_items_tablet": "flex-start",
                "background_background": "classic",
                "background_image": {
                    "url": "http:\/\/gtkit.rometheme.pro\/gimmigrate\/wp-content\/uploads\/sites\/6\/2022\/07\/american-passports-and-flag-with-the-symbols-of-th-XKC2DG9.jpg",
                    "id": 105,
                    "size": "",
                    "alt": "",
                    "source": "library"
                },
                "background_position": "center center",
                "background_attachment": "fixed",
                "background_size": "cover",
                "background_overlay_background": "classic",
                "padding": {
                    "unit": "em",
                    "top": "7",
                    "right": "0",
                    "bottom": "7",
                    "left": "0",
                    "isLinked": false
                },
                "padding_tablet": {
                    "unit": "em",
                    "top": "",
                    "right": "",
                    "bottom": "",
                    "left": "",
                    "isLinked": true
                },
                "padding_mobile": {
                    "unit": "em",
                    "top": "",
                    "right": "",
                    "bottom": "",
                    "left": "",
                    "isLinked": true
                },
                "__globals__": {
                    "background_overlay_color": "globals\/colors?id=primary"
                },
                "_title": "Contact"
            },
            "elements": [
                {
                    "id": "1ae6a86d",
                    "settings": {
                        "flex_direction": "column",
                        "content_width": "full",
                        "width": {
                            "unit": "%",
                            "size": 100
                        }
                    },
                    "elements": [
                        {
                            "id": "34722605",
                            "settings": {
                                "title": "Visa Application",
                                "align": "left",
                                "__globals__": {
                                    "title_color": "globals\/colors?id=13ff17d",
                                    "typography_typography": "globals\/typography?id=b9ca720"
                                },
                                "align_tablet": "left",
                                "header_size": "div"
                            },
                            "elements": [],
                            "isInner": false,
                            "widgetType": "heading",
                            "elType": "widget"
                        },
                        {
                            "id": "65175d99",
                            "settings": {
                                "title": "Contact Us if You Are Looking for a Visa Application",
                                "title_color": "#F2F2F2",
                                "_margin": {
                                    "unit": "em",
                                    "top": "",
                                    "right": "",
                                    "bottom": "",
                                    "left": "",
                                    "isLinked": true
                                },
                                "_margin_tablet": {
                                    "unit": "em",
                                    "top": "",
                                    "right": "",
                                    "bottom": "",
                                    "left": "",
                                    "isLinked": true
                                },
                                "_margin_mobile": {
                                    "unit": "em",
                                    "top": "-1",
                                    "right": "0",
                                    "bottom": "0",
                                    "left": "0",
                                    "isLinked": false
                                },
                                "__globals__": {
                                    "title_color": "",
                                    "typography_typography": "globals\/typography?id=a687dee"
                                },
                                "align_tablet": "left"
                            },
                            "elements": [],
                            "isInner": false,
                            "widgetType": "heading",
                            "elType": "widget"
                        },
                        {
                            "id": "19f72084",
                            "settings": {
                                "editor": "<p>Need a consultation? Call us today +123-234-1234 or email us: hello@awesomesite.com<\/p>",
                                "__globals__": {
                                    "text_color": "globals\/colors?id=secondary"
                                }
                            },
                            "elements": [],
                            "isInner": false,
                            "widgetType": "text-editor",
                            "elType": "widget"
                        }
                    ],
                    "isInner": true,
                    "elType": "container"
                },
                {
                    "id": "1b4a31d8",
                    "settings": {
                        "flex_direction": "column",
                        "content_width": "full",
                        "width": {
                            "unit": "%",
                            "size": 13
                        },
                        "width_tablet": {
                            "unit": "%",
                            "size": 100,
                            "sizes": []
                        },
                        "width_mobile": {
                            "unit": "%",
                            "size": "",
                            "sizes": []
                        }
                    },
                    "elements": [
                        {
                            "id": "77a2633b",
                            "settings": {
                                "text": "Contact Us",
                                "align": "right",
                                "_margin": {
                                    "unit": "em",
                                    "top": "0",
                                    "right": "0",
                                    "bottom": "0",
                                    "left": "0",
                                    "isLinked": false
                                },
                                "_margin_tablet": {
                                    "unit": "em",
                                    "top": "1",
                                    "right": "0",
                                    "bottom": "0",
                                    "left": "0",
                                    "isLinked": false
                                },
                                "_margin_mobile": {
                                    "unit": "em",
                                    "top": "",
                                    "right": "",
                                    "bottom": "",
                                    "left": "",
                                    "isLinked": true
                                },
                                "__globals__": {
                                    "typography_typography": "",
                                    "button_text_color": "",
                                    "background_color": "",
                                    "border_color": "",
                                    "hover_color": "",
                                    "button_background_hover_color": "",
                                    "button_hover_border_color": ""
                                },
                                "background_background": "",
                                "button_background_hover_background": "",
                                "align_tablet": "left"
                            },
                            "elements": [],
                            "isInner": false,
                            "widgetType": "button",
                            "elType": "widget"
                        }
                    ],
                    "isInner": true,
                    "elType": "container"
                }
            ],
            "isInner": false,
            "elType": "container"
        }
    ]
}