{
    "version": "0.4",
    "title": "Coaching Detail",
    "type": "page",
    "metadata": {
        "template_type": "single-page",
        "include_in_zip": "1",
        "elementor_pro_required": null,
        "wp_page_template": "elementor_header_footer"
    },
    "content": [
        {
            "id": "1800d0b9",
            "settings": {
                "flex_direction": "column",
                "min_height": {
                    "unit": "vh",
                    "size": 50,
                    "sizes": []
                },
                "min_height_tablet": {
                    "unit": "vh",
                    "size": "",
                    "sizes": []
                },
                "min_height_mobile": {
                    "unit": "vh",
                    "size": "",
                    "sizes": []
                },
                "flex_justify_content": "center",
                "flex_align_items": "center",
                "background_background": "classic",
                "background_image": {
                    "url": "http:\/\/gtkit.rometheme.pro\/gimmigrate\/wp-content\/uploads\/sites\/6\/2022\/07\/specialist-approving-visa-application-at-table-926ZJQGb.jpg",
                    "id": 258,
                    "size": "",
                    "alt": "",
                    "source": "library"
                },
                "background_position": "center center",
                "background_size": "cover",
                "background_overlay_background": "gradient",
                "background_overlay_color_b_stop": {
                    "unit": "%",
                    "size": 75,
                    "sizes": []
                },
                "__globals__": {
                    "background_overlay_color": "globals\/colors?id=f8dc47e",
                    "background_overlay_color_b": "globals\/colors?id=primary"
                },
                "flex_gap_mobile": {
                    "column": "",
                    "row": "",
                    "isLinked": true,
                    "unit": "px",
                    "size": null
                }
            },
            "elements": [
                {
                    "id": "4948c3c6",
                    "settings": {
                        "title": "TOEFL Coaching",
                        "__globals__": {
                            "title_color": "globals\/colors?id=secondary"
                        }
                    },
                    "elements": [],
                    "isInner": false,
                    "widgetType": "heading",
                    "elType": "widget"
                },
                {
                    "id": "391459fa",
                    "settings": {
                        "editor": "<p><a href=\"#\">Home<\/a> \/ Coaching Detail<\/p>",
                        "__globals__": {
                            "text_color": "globals\/colors?id=accent"
                        }
                    },
                    "elements": [],
                    "isInner": false,
                    "widgetType": "text-editor",
                    "elType": "widget"
                }
            ],
            "isInner": false,
            "elType": "container"
        },
        {
            "id": "4d8c7806",
            "settings": {
                "flex_direction": "row",
                "flex_gap": {
                    "unit": "px",
                    "size": 30,
                    "column": "30",
                    "row": "0"
                },
                "padding": {
                    "unit": "em",
                    "top": "7",
                    "right": "0",
                    "bottom": "7",
                    "left": "0",
                    "isLinked": false
                },
                "padding_tablet": {
                    "unit": "em",
                    "top": "",
                    "right": "",
                    "bottom": "",
                    "left": "",
                    "isLinked": true
                },
                "padding_mobile": {
                    "unit": "em",
                    "top": "",
                    "right": "",
                    "bottom": "",
                    "left": "",
                    "isLinked": true
                },
                "flex_direction_tablet": "column",
                "flex_gap_tablet": {
                    "column": "0",
                    "row": "70",
                    "isLinked": false,
                    "unit": "px",
                    "size": 0
                }
            },
            "elements": [
                {
                    "id": "2d77741f",
                    "settings": {
                        "flex_direction": "column",
                        "content_width": "full",
                        "width": {
                            "unit": "%",
                            "size": 70
                        },
                        "width_tablet": {
                            "unit": "%",
                            "size": 100,
                            "sizes": []
                        },
                        "width_mobile": {
                            "unit": "%",
                            "size": "",
                            "sizes": []
                        }
                    },
                    "elements": [
                        {
                            "id": "42a13eef",
                            "settings": {
                                "image": {
                                    "url": "http:\/\/gtkit.rometheme.pro\/gimmigrate\/wp-content\/uploads\/sites\/6\/2022\/07\/group-of-young-students-studying-together-CT3QL6E.jpg",
                                    "id": 394,
                                    "alt": "",
                                    "source": "library"
                                },
                                "image_size": "full",
                                "image_border_radius": {
                                    "unit": "px",
                                    "top": "10",
                                    "right": "10",
                                    "bottom": "10",
                                    "left": "10",
                                    "isLinked": true
                                }
                            },
                            "elements": [],
                            "isInner": false,
                            "widgetType": "image",
                            "elType": "widget"
                        },
                        {
                            "id": "f05af72",
                            "settings": {
                                "title": "TOEFL Coaching",
                                "__globals__": {
                                    "title_color": "",
                                    "typography_typography": ""
                                },
                                "_margin": {
                                    "unit": "em",
                                    "top": "",
                                    "right": "",
                                    "bottom": "",
                                    "left": "",
                                    "isLinked": true
                                },
                                "_margin_tablet": {
                                    "unit": "em",
                                    "top": "",
                                    "right": "",
                                    "bottom": "",
                                    "left": "",
                                    "isLinked": true
                                },
                                "_margin_mobile": {
                                    "unit": "em",
                                    "top": "",
                                    "right": "",
                                    "bottom": "",
                                    "left": "",
                                    "isLinked": true
                                },
                                "header_size": "h3",
                                "typography_font_family": "Lato",
                                "typography_font_size": {
                                    "unit": "rem",
                                    "size": 3,
                                    "sizes": []
                                },
                                "typography_font_size_tablet": {
                                    "unit": "rem",
                                    "size": 2.5,
                                    "sizes": []
                                },
                                "typography_font_size_mobile": {
                                    "unit": "rem",
                                    "size": 2,
                                    "sizes": []
                                },
                                "typography_font_weight": "600",
                                "typography_line_height": {
                                    "unit": "em",
                                    "size": 1.2,
                                    "sizes": []
                                },
                                "typography_line_height_tablet": {
                                    "unit": "em",
                                    "size": 1.2,
                                    "sizes": []
                                }
                            },
                            "elements": [],
                            "isInner": false,
                            "widgetType": "heading",
                            "elType": "widget"
                        },
                        {
                            "id": "32e2b53d",
                            "settings": {
                                "editor": "<p>Fusce fringilla ultrices convallis. Etiam placerat velit sit amet viverra vestibulum. Nulla malesuada et odio vitae euismod. Cras hendrerit tortor gravida libero lacinia malesuada sit amet a ligula. Vestibulum non congue dolor. Duis erat magna, lobortis ut lorem et, tristique placerat nunc. Etiam ipsum felis, lacinia vitae lorem quis, fermentum iaculis libero.<\/p><p>Mauris aliquam risus quis dolor pulvinar eleifend. Fusce euismod cursus nulla, et laoreet eros. Nullam ac aliquam nisl, ac placerat sapien. Integer augue purus, dictum id volutpat et, tincidunt nec dui. Nullam consequat elit purus, sit amet bibendum ex dignissim ut. Fusce auctor lacus eu turpis gravida, at scelerisque elit condimentum. Pellentesque consectetur iaculis aliquet. Mauris ultrices posuere eros, et cursus purus laoreet nec. Donec nec nisl non neque ultricies congue.<\/p>",
                                "__globals__": {
                                    "text_color": "",
                                    "typography_typography": ""
                                }
                            },
                            "elements": [],
                            "isInner": false,
                            "widgetType": "text-editor",
                            "elType": "widget"
                        },
                        {
                            "id": "617eb39",
                            "settings": {
                                "title": "How to Register for TOEFL Coaching?",
                                "__globals__": {
                                    "title_color": "",
                                    "typography_typography": ""
                                },
                                "header_size": "h4",
                                "typography_font_family": "Lato",
                                "typography_font_size": {
                                    "unit": "rem",
                                    "size": 1.5,
                                    "sizes": []
                                },
                                "typography_font_size_tablet": {
                                    "unit": "rem",
                                    "size": 1.4,
                                    "sizes": []
                                },
                                "typography_font_size_mobile": {
                                    "unit": "rem",
                                    "size": 1.3,
                                    "sizes": []
                                },
                                "typography_font_weight": "600",
                                "typography_line_height": {
                                    "unit": "em",
                                    "size": 1.2,
                                    "sizes": []
                                },
                                "typography_line_height_tablet": {
                                    "unit": "em",
                                    "size": 1.2,
                                    "sizes": []
                                },
                                "typography_line_height_mobile": {
                                    "unit": "em",
                                    "size": 1.2,
                                    "sizes": []
                                }
                            },
                            "elements": [],
                            "isInner": false,
                            "widgetType": "heading",
                            "elType": "widget"
                        },
                        {
                            "id": "579eeee1",
                            "settings": {
                                "editor": "<p>Curabitur elementum diam et risus condimentum, nec dignissim lorem tristique. Praesent lacinia at turpis at laoreet. Fusce id felis eleifend, eleifend erat vel, interdum lacus. Maecenas magna enim, varius non tortor sed, molestie vulputate lacus.<\/p>",
                                "__globals__": {
                                    "text_color": "",
                                    "typography_typography": ""
                                }
                            },
                            "elements": [],
                            "isInner": false,
                            "widgetType": "text-editor",
                            "elType": "widget"
                        },
                        {
                            "id": "7afe6f5",
                            "settings": {
                                "icon_list": [
                                    {
                                        "text": "Cras iaculis feugiat nibh vel tempus. Pellentesque faucibus est ut tristique sollicitudin",
                                        "selected_icon": {
                                            "value": "fas fa-chevron-right",
                                            "library": "fa-solid"
                                        },
                                        "_id": "55a40e2"
                                    },
                                    {
                                        "text": "Proin sed venenatis felis. Etiam convallis id urna quis mattis",
                                        "selected_icon": {
                                            "value": "fas fa-chevron-right",
                                            "library": "fa-solid"
                                        },
                                        "_id": "4450f99"
                                    },
                                    {
                                        "text": "Donec pulvinar sed tortor tempor volutpat",
                                        "selected_icon": {
                                            "value": "fas fa-chevron-right",
                                            "library": "fa-solid"
                                        },
                                        "_id": "dc6270d"
                                    },
                                    {
                                        "text": "Pellentesque faucibus est ut",
                                        "selected_icon": {
                                            "value": "fas fa-chevron-right",
                                            "library": "fa-solid"
                                        },
                                        "_id": "2a8198e"
                                    }
                                ],
                                "space_between": {
                                    "unit": "px",
                                    "size": 15,
                                    "sizes": []
                                },
                                "icon_align": "left",
                                "icon_color": "#F2C230",
                                "icon_size": {
                                    "unit": "px",
                                    "size": 15,
                                    "sizes": []
                                },
                                "text_indent": {
                                    "unit": "px",
                                    "size": 0,
                                    "sizes": []
                                },
                                "icon_typography_font_family": "Lato",
                                "icon_typography_font_size": {
                                    "unit": "rem",
                                    "size": 1.3,
                                    "sizes": []
                                },
                                "icon_typography_font_size_tablet": {
                                    "unit": "rem",
                                    "size": 1.2,
                                    "sizes": []
                                },
                                "icon_typography_font_size_mobile": {
                                    "unit": "rem",
                                    "size": 1.1,
                                    "sizes": []
                                },
                                "icon_typography_font_weight": "600",
                                "icon_typography_line_height": {
                                    "unit": "em",
                                    "size": 1.2,
                                    "sizes": []
                                },
                                "_margin": {
                                    "unit": "em",
                                    "top": "",
                                    "right": "",
                                    "bottom": "",
                                    "left": "",
                                    "isLinked": true
                                },
                                "_margin_tablet": {
                                    "unit": "em",
                                    "top": "",
                                    "right": "",
                                    "bottom": "",
                                    "left": "",
                                    "isLinked": true
                                },
                                "_margin_mobile": {
                                    "unit": "em",
                                    "top": "",
                                    "right": "",
                                    "bottom": "",
                                    "left": "",
                                    "isLinked": true
                                },
                                "__globals__": {
                                    "icon_color": "globals\/colors?id=13ff17d",
                                    "text_color": "",
                                    "text_color_hover": "",
                                    "icon_typography_typography": ""
                                },
                                "icon_typography_line_height_tablet": {
                                    "unit": "em",
                                    "size": 1.2,
                                    "sizes": []
                                },
                                "icon_typography_line_height_mobile": {
                                    "unit": "em",
                                    "size": 1.2,
                                    "sizes": []
                                }
                            },
                            "elements": [],
                            "isInner": false,
                            "widgetType": "icon-list",
                            "elType": "widget"
                        },
                        {
                            "id": "5f742d81",
                            "settings": {
                                "title": "TOEFL Exam Stage",
                                "_margin": {
                                    "unit": "em",
                                    "top": "1",
                                    "right": "0",
                                    "bottom": "0",
                                    "left": "0",
                                    "isLinked": false
                                },
                                "_margin_tablet": {
                                    "unit": "em",
                                    "top": "",
                                    "right": "",
                                    "bottom": "",
                                    "left": "",
                                    "isLinked": true
                                },
                                "_margin_mobile": {
                                    "unit": "em",
                                    "top": "",
                                    "right": "",
                                    "bottom": "",
                                    "left": "",
                                    "isLinked": true
                                },
                                "__globals__": {
                                    "title_color": "",
                                    "typography_typography": ""
                                },
                                "header_size": "h4",
                                "typography_font_family": "Lato",
                                "typography_font_size": {
                                    "unit": "rem",
                                    "size": 1.5,
                                    "sizes": []
                                },
                                "typography_font_size_tablet": {
                                    "unit": "rem",
                                    "size": 1.4,
                                    "sizes": []
                                },
                                "typography_font_size_mobile": {
                                    "unit": "rem",
                                    "size": 1.3,
                                    "sizes": []
                                },
                                "typography_font_weight": "600",
                                "typography_line_height": {
                                    "unit": "em",
                                    "size": 1.2,
                                    "sizes": []
                                },
                                "typography_line_height_tablet": {
                                    "unit": "em",
                                    "size": 1.2,
                                    "sizes": []
                                },
                                "typography_line_height_mobile": {
                                    "unit": "em",
                                    "size": 1.2,
                                    "sizes": []
                                }
                            },
                            "elements": [],
                            "isInner": false,
                            "widgetType": "heading",
                            "elType": "widget"
                        },
                        {
                            "id": "2224bbc3",
                            "settings": {
                                "selected_icon": {
                                    "value": "",
                                    "library": ""
                                },
                                "title_text": "Reading (60 - 90 Minutes)",
                                "description_text": "Maecenas eget nunc vitae purus sollicitudin efficitur iaculis at ligula. Duis tempor, diam mollis ultricies vehicula, magna dui pharetra felis, at ullamcorper ante tellus sed sapien. Maecenas eget magna consequat, malesuada sapien vitae, rhoncus nunc. Suspendisse hendrerit magna eu mi lobortis porttitor.",
                                "title_size": "h5",
                                "text_align": "left"
                            },
                            "elements": [],
                            "isInner": false,
                            "widgetType": "icon-box",
                            "elType": "widget"
                        },
                        {
                            "id": "27010a5e",
                            "settings": {
                                "selected_icon": {
                                    "value": "",
                                    "library": ""
                                },
                                "title_text": "Speaking (60 - 90 Minutes)",
                                "description_text": "Nam id urna commodo, pretium augue id, pharetra risus. Nunc quam eros, tincidunt sed est id, suscipit malesuada diam. Nam id gravida ex, in vehicula urna. Pellentesque dapibus rutrum nulla at dignissim.",
                                "title_size": "h5",
                                "text_align": "left"
                            },
                            "elements": [],
                            "isInner": false,
                            "widgetType": "icon-box",
                            "elType": "widget"
                        },
                        {
                            "id": "280341bc",
                            "settings": {
                                "selected_icon": {
                                    "value": "",
                                    "library": ""
                                },
                                "title_text": "Writing (60 - 90 Minutes)",
                                "description_text": "Donec auctor mi in iaculis venenatis. Class aptent taciti sociosqu ad litora torquent per conubia nostra, per inceptos himenaeos. In hac habitasse platea dictumst. Quisque fringilla sagittis odio nec ultrices. Nunc at est at neque molestie varius ac quis justo. Mauris nec libero vitae lectus viverra congue. Donec dignissim semper augue vel porttitor.\n\n60 - 90 Minutes",
                                "title_size": "h5",
                                "text_align": "left"
                            },
                            "elements": [],
                            "isInner": false,
                            "widgetType": "icon-box",
                            "elType": "widget"
                        }
                    ],
                    "isInner": true,
                    "elType": "container"
                },
                {
                    "id": "66efafcf",
                    "settings": {
                        "flex_direction": "column",
                        "content_width": "full",
                        "width": {
                            "unit": "%",
                            "size": 30
                        },
                        "flex_gap": {
                            "column": "0",
                            "row": "30",
                            "isLinked": false,
                            "unit": "px",
                            "size": 0
                        },
                        "width_tablet": {
                            "unit": "%",
                            "size": 100,
                            "sizes": []
                        },
                        "width_mobile": {
                            "unit": "%",
                            "size": "",
                            "sizes": []
                        }
                    },
                    "elements": [
                        {
                            "id": "1dfbe29f",
                            "settings": {
                                "content_width": "full",
                                "background_background": "classic",
                                "background_image": {
                                    "url": "http:\/\/gtkit.rometheme.pro\/gimmigrate\/wp-content\/uploads\/sites\/6\/2022\/07\/american-passports-and-flag-with-the-symbols-of-th-XKC2DG9.jpg",
                                    "id": 105,
                                    "size": "",
                                    "alt": "",
                                    "source": "library"
                                },
                                "background_position": "center center",
                                "background_size": "cover",
                                "background_overlay_background": "classic",
                                "border_radius": {
                                    "unit": "px",
                                    "top": "10",
                                    "right": "10",
                                    "bottom": "10",
                                    "left": "10",
                                    "isLinked": true
                                },
                                "padding": {
                                    "unit": "em",
                                    "top": "2",
                                    "right": "2",
                                    "bottom": "2",
                                    "left": "2",
                                    "isLinked": true
                                },
                                "padding_tablet": {
                                    "unit": "em",
                                    "top": "",
                                    "right": "",
                                    "bottom": "",
                                    "left": "",
                                    "isLinked": true
                                },
                                "padding_mobile": {
                                    "unit": "em",
                                    "top": "",
                                    "right": "",
                                    "bottom": "",
                                    "left": "",
                                    "isLinked": true
                                },
                                "__globals__": {
                                    "background_overlay_color": "globals\/colors?id=primary"
                                }
                            },
                            "elements": [
                                {
                                    "id": "6ea36949",
                                    "settings": {
                                        "title": "Need a Visa Application?",
                                        "align": "left",
                                        "__globals__": {
                                            "title_color": "globals\/colors?id=secondary",
                                            "typography_typography": "globals\/typography?id=d8f4baf"
                                        },
                                        "header_size": "h4"
                                    },
                                    "elements": [],
                                    "isInner": false,
                                    "widgetType": "heading",
                                    "elType": "widget"
                                },
                                {
                                    "id": "30ce3ca8",
                                    "settings": {
                                        "text": "Divider",
                                        "weight": {
                                            "unit": "px",
                                            "size": 2,
                                            "sizes": []
                                        },
                                        "gap": {
                                            "unit": "px",
                                            "size": 2,
                                            "sizes": []
                                        },
                                        "__globals__": {
                                            "color": "globals\/colors?id=13ff17d"
                                        }
                                    },
                                    "elements": [],
                                    "isInner": false,
                                    "widgetType": "divider",
                                    "elType": "widget"
                                },
                                {
                                    "id": "68b8c928",
                                    "settings": {
                                        "editor": "<p>Need a consultation? Call us today +123-234-1234 or email us: hello@awesomesite.com<\/p>",
                                        "__globals__": {
                                            "text_color": "globals\/colors?id=secondary"
                                        }
                                    },
                                    "elements": [],
                                    "isInner": false,
                                    "widgetType": "text-editor",
                                    "elType": "widget"
                                },
                                {
                                    "id": "3e254d4b",
                                    "settings": {
                                        "text": "Contact Us",
                                        "align": "left",
                                        "_margin": {
                                            "unit": "em",
                                            "top": "0",
                                            "right": "0",
                                            "bottom": "0",
                                            "left": "0",
                                            "isLinked": false
                                        },
                                        "_margin_tablet": {
                                            "unit": "em",
                                            "top": "1",
                                            "right": "0",
                                            "bottom": "0",
                                            "left": "0",
                                            "isLinked": false
                                        },
                                        "_margin_mobile": {
                                            "unit": "em",
                                            "top": "",
                                            "right": "",
                                            "bottom": "",
                                            "left": "",
                                            "isLinked": true
                                        },
                                        "__globals__": {
                                            "typography_typography": "",
                                            "button_text_color": "",
                                            "background_color": "",
                                            "border_color": "",
                                            "hover_color": "",
                                            "button_background_hover_color": "",
                                            "button_hover_border_color": ""
                                        },
                                        "background_background": "",
                                        "button_background_hover_background": "",
                                        "align_tablet": "left"
                                    },
                                    "elements": [],
                                    "isInner": false,
                                    "widgetType": "button",
                                    "elType": "widget"
                                }
                            ],
                            "isInner": true,
                            "elType": "container"
                        },
                        {
                            "id": "468c5c33",
                            "settings": {
                                "content_width": "full",
                                "background_background": "classic",
                                "border_radius": {
                                    "unit": "px",
                                    "top": "10",
                                    "right": "10",
                                    "bottom": "10",
                                    "left": "10",
                                    "isLinked": true
                                },
                                "padding": {
                                    "unit": "em",
                                    "top": "2",
                                    "right": "2",
                                    "bottom": "2",
                                    "left": "2",
                                    "isLinked": true
                                },
                                "padding_tablet": {
                                    "unit": "em",
                                    "top": "",
                                    "right": "",
                                    "bottom": "",
                                    "left": "",
                                    "isLinked": true
                                },
                                "padding_mobile": {
                                    "unit": "em",
                                    "top": "",
                                    "right": "",
                                    "bottom": "",
                                    "left": "",
                                    "isLinked": true
                                },
                                "__globals__": {
                                    "background_color": "globals\/colors?id=primary"
                                }
                            },
                            "elements": [
                                {
                                    "id": "1f4af94e",
                                    "settings": {
                                        "title": "Other Coaching",
                                        "__globals__": {
                                            "title_color": "globals\/colors?id=secondary",
                                            "typography_typography": ""
                                        },
                                        "header_size": "h4",
                                        "title_color": "#F2C230",
                                        "typography_font_family": "Lato",
                                        "typography_font_size": {
                                            "unit": "rem",
                                            "size": 1.5,
                                            "sizes": []
                                        },
                                        "typography_font_size_tablet": {
                                            "unit": "rem",
                                            "size": 1.4,
                                            "sizes": []
                                        },
                                        "typography_font_size_mobile": {
                                            "unit": "rem",
                                            "size": 1.3,
                                            "sizes": []
                                        },
                                        "typography_font_weight": "600",
                                        "typography_line_height": {
                                            "unit": "em",
                                            "size": 1.2,
                                            "sizes": []
                                        },
                                        "typography_line_height_tablet": {
                                            "unit": "em",
                                            "size": 1.2,
                                            "sizes": []
                                        },
                                        "typography_line_height_mobile": {
                                            "unit": "em",
                                            "size": 1.2,
                                            "sizes": []
                                        }
                                    },
                                    "elements": [],
                                    "isInner": false,
                                    "widgetType": "heading",
                                    "elType": "widget"
                                },
                                {
                                    "id": "77ccc5d1",
                                    "settings": {
                                        "text": "Divider",
                                        "weight": {
                                            "unit": "px",
                                            "size": 2,
                                            "sizes": []
                                        },
                                        "gap": {
                                            "unit": "px",
                                            "size": 2,
                                            "sizes": []
                                        },
                                        "__globals__": {
                                            "color": "globals\/colors?id=13ff17d"
                                        }
                                    },
                                    "elements": [],
                                    "isInner": false,
                                    "widgetType": "divider",
                                    "elType": "widget"
                                },
                                {
                                    "id": "15b558c8",
                                    "settings": {
                                        "icon_list": [
                                            {
                                                "text": "PTE Coaching",
                                                "selected_icon": {
                                                    "value": "fas fa-chevron-right",
                                                    "library": "fa-solid"
                                                },
                                                "_id": "55a40e2",
                                                "link": {
                                                    "url": "#",
                                                    "is_external": "",
                                                    "nofollow": "",
                                                    "custom_attributes": ""
                                                }
                                            },
                                            {
                                                "text": "IELTS Coaching",
                                                "selected_icon": {
                                                    "value": "fas fa-chevron-right",
                                                    "library": "fa-solid"
                                                },
                                                "_id": "4450f99",
                                                "link": {
                                                    "url": "#",
                                                    "is_external": "",
                                                    "nofollow": "",
                                                    "custom_attributes": ""
                                                }
                                            },
                                            {
                                                "text": "Citizenship Test",
                                                "selected_icon": {
                                                    "value": "fas fa-chevron-right",
                                                    "library": "fa-solid"
                                                },
                                                "_id": "dc6270d",
                                                "link": {
                                                    "url": "#",
                                                    "is_external": "",
                                                    "nofollow": "",
                                                    "custom_attributes": ""
                                                }
                                            },
                                            {
                                                "text": "Skills Exams",
                                                "selected_icon": {
                                                    "value": "fas fa-chevron-right",
                                                    "library": "fa-solid"
                                                },
                                                "_id": "2a8198e",
                                                "link": {
                                                    "url": "#",
                                                    "is_external": "",
                                                    "nofollow": "",
                                                    "custom_attributes": ""
                                                }
                                            },
                                            {
                                                "text": "SAT Coaching",
                                                "selected_icon": {
                                                    "value": "fas fa-chevron-right",
                                                    "library": "fa-solid"
                                                },
                                                "_id": "ae7aba7",
                                                "link": {
                                                    "url": "#",
                                                    "is_external": "",
                                                    "nofollow": "",
                                                    "custom_attributes": ""
                                                }
                                            }
                                        ],
                                        "space_between": {
                                            "unit": "px",
                                            "size": 15,
                                            "sizes": []
                                        },
                                        "icon_align": "left",
                                        "icon_color": "#F2C230",
                                        "icon_size": {
                                            "unit": "px",
                                            "size": 15,
                                            "sizes": []
                                        },
                                        "text_color_hover": "#F2C230",
                                        "text_indent": {
                                            "unit": "px",
                                            "size": 0,
                                            "sizes": []
                                        },
                                        "_margin": {
                                            "unit": "em",
                                            "top": "",
                                            "right": "",
                                            "bottom": "",
                                            "left": "",
                                            "isLinked": true
                                        },
                                        "_margin_tablet": {
                                            "unit": "em",
                                            "top": "",
                                            "right": "",
                                            "bottom": "",
                                            "left": "",
                                            "isLinked": true
                                        },
                                        "_margin_mobile": {
                                            "unit": "em",
                                            "top": "",
                                            "right": "",
                                            "bottom": "",
                                            "left": "",
                                            "isLinked": true
                                        },
                                        "__globals__": {
                                            "icon_color": "globals\/colors?id=13ff17d",
                                            "text_color": "globals\/colors?id=accent",
                                            "text_color_hover": "globals\/colors?id=13ff17d",
                                            "icon_typography_typography": "globals\/typography?id=67286a6"
                                        }
                                    },
                                    "elements": [],
                                    "isInner": false,
                                    "widgetType": "icon-list",
                                    "elType": "widget"
                                }
                            ],
                            "isInner": true,
                            "elType": "container"
                        },
                        {
                            "id": "6019a099",
                            "settings": {
                                "content_width": "full",
                                "background_background": "classic",
                                "border_radius": {
                                    "unit": "px",
                                    "top": "10",
                                    "right": "10",
                                    "bottom": "10",
                                    "left": "10",
                                    "isLinked": true
                                },
                                "padding": {
                                    "unit": "em",
                                    "top": "2",
                                    "right": "2",
                                    "bottom": "2",
                                    "left": "2",
                                    "isLinked": true
                                },
                                "padding_tablet": {
                                    "unit": "em",
                                    "top": "",
                                    "right": "",
                                    "bottom": "",
                                    "left": "",
                                    "isLinked": true
                                },
                                "padding_mobile": {
                                    "unit": "em",
                                    "top": "",
                                    "right": "",
                                    "bottom": "",
                                    "left": "",
                                    "isLinked": true
                                },
                                "__globals__": {
                                    "background_color": "globals\/colors?id=primary"
                                }
                            },
                            "elements": [
                                {
                                    "id": "2cf1765a",
                                    "settings": {
                                        "title": "Visa Types",
                                        "__globals__": {
                                            "title_color": "globals\/colors?id=secondary",
                                            "typography_typography": ""
                                        },
                                        "header_size": "h4",
                                        "title_color": "#F2C230",
                                        "typography_font_family": "Lato",
                                        "typography_font_size": {
                                            "unit": "rem",
                                            "size": 1.5,
                                            "sizes": []
                                        },
                                        "typography_font_size_tablet": {
                                            "unit": "rem",
                                            "size": 1.4,
                                            "sizes": []
                                        },
                                        "typography_font_size_mobile": {
                                            "unit": "rem",
                                            "size": 1.3,
                                            "sizes": []
                                        },
                                        "typography_font_weight": "600",
                                        "typography_line_height": {
                                            "unit": "em",
                                            "size": 1.2,
                                            "sizes": []
                                        },
                                        "typography_line_height_tablet": {
                                            "unit": "em",
                                            "size": 1.2,
                                            "sizes": []
                                        },
                                        "typography_line_height_mobile": {
                                            "unit": "em",
                                            "size": 1.2,
                                            "sizes": []
                                        }
                                    },
                                    "elements": [],
                                    "isInner": false,
                                    "widgetType": "heading",
                                    "elType": "widget"
                                },
                                {
                                    "id": "2d564852",
                                    "settings": {
                                        "text": "Divider",
                                        "weight": {
                                            "unit": "px",
                                            "size": 2,
                                            "sizes": []
                                        },
                                        "gap": {
                                            "unit": "px",
                                            "size": 2,
                                            "sizes": []
                                        },
                                        "__globals__": {
                                            "color": "globals\/colors?id=13ff17d"
                                        }
                                    },
                                    "elements": [],
                                    "isInner": false,
                                    "widgetType": "divider",
                                    "elType": "widget"
                                },
                                {
                                    "id": "2a83507d",
                                    "settings": {
                                        "icon_list": [
                                            {
                                                "text": "Working Visas",
                                                "selected_icon": {
                                                    "value": "fas fa-chevron-right",
                                                    "library": "fa-solid"
                                                },
                                                "_id": "55a40e2",
                                                "link": {
                                                    "url": "#",
                                                    "is_external": "",
                                                    "nofollow": "",
                                                    "custom_attributes": ""
                                                }
                                            },
                                            {
                                                "text": "Study Visas",
                                                "selected_icon": {
                                                    "value": "fas fa-chevron-right",
                                                    "library": "fa-solid"
                                                },
                                                "_id": "4450f99",
                                                "link": {
                                                    "url": "#",
                                                    "is_external": "",
                                                    "nofollow": "",
                                                    "custom_attributes": ""
                                                }
                                            },
                                            {
                                                "text": "Business Visas",
                                                "selected_icon": {
                                                    "value": "fas fa-chevron-right",
                                                    "library": "fa-solid"
                                                },
                                                "_id": "dc6270d",
                                                "link": {
                                                    "url": "#",
                                                    "is_external": "",
                                                    "nofollow": "",
                                                    "custom_attributes": ""
                                                }
                                            },
                                            {
                                                "text": "Family Visas",
                                                "selected_icon": {
                                                    "value": "fas fa-chevron-right",
                                                    "library": "fa-solid"
                                                },
                                                "link": {
                                                    "url": "#",
                                                    "is_external": "",
                                                    "nofollow": "",
                                                    "custom_attributes": ""
                                                },
                                                "_id": "518c0f2"
                                            },
                                            {
                                                "text": "Diplomatic Visas",
                                                "selected_icon": {
                                                    "value": "fas fa-chevron-right",
                                                    "library": "fa-solid"
                                                },
                                                "_id": "2a8198e",
                                                "link": {
                                                    "url": "#",
                                                    "is_external": "",
                                                    "nofollow": "",
                                                    "custom_attributes": ""
                                                }
                                            },
                                            {
                                                "text": "Permanent Residency Visas",
                                                "selected_icon": {
                                                    "value": "fas fa-chevron-right",
                                                    "library": "fa-solid"
                                                },
                                                "_id": "ae7aba7",
                                                "link": {
                                                    "url": "#",
                                                    "is_external": "",
                                                    "nofollow": "",
                                                    "custom_attributes": ""
                                                }
                                            },
                                            {
                                                "text": "Tourist Visas",
                                                "selected_icon": {
                                                    "value": "fas fa-chevron-right",
                                                    "library": "fa-solid"
                                                },
                                                "_id": "881c875",
                                                "link": {
                                                    "url": "#",
                                                    "is_external": "",
                                                    "nofollow": "",
                                                    "custom_attributes": ""
                                                }
                                            },
                                            {
                                                "text": "Transit Visas",
                                                "selected_icon": {
                                                    "value": "fas fa-chevron-right",
                                                    "library": "fa-solid"
                                                },
                                                "_id": "63a2d6b",
                                                "link": {
                                                    "url": "#",
                                                    "is_external": "",
                                                    "nofollow": "",
                                                    "custom_attributes": ""
                                                }
                                            },
                                            {
                                                "text": "Refugee & Asylum Visas",
                                                "selected_icon": {
                                                    "value": "fas fa-chevron-right",
                                                    "library": "fa-solid"
                                                },
                                                "_id": "a1fe803",
                                                "link": {
                                                    "url": "#",
                                                    "is_external": "",
                                                    "nofollow": "",
                                                    "custom_attributes": ""
                                                }
                                            }
                                        ],
                                        "space_between": {
                                            "unit": "px",
                                            "size": 15,
                                            "sizes": []
                                        },
                                        "icon_align": "left",
                                        "icon_color": "#F2C230",
                                        "icon_size": {
                                            "unit": "px",
                                            "size": 15,
                                            "sizes": []
                                        },
                                        "text_color_hover": "#F2C230",
                                        "text_indent": {
                                            "unit": "px",
                                            "size": 0,
                                            "sizes": []
                                        },
                                        "_margin": {
                                            "unit": "em",
                                            "top": "",
                                            "right": "",
                                            "bottom": "",
                                            "left": "",
                                            "isLinked": true
                                        },
                                        "_margin_tablet": {
                                            "unit": "em",
                                            "top": "",
                                            "right": "",
                                            "bottom": "",
                                            "left": "",
                                            "isLinked": true
                                        },
                                        "_margin_mobile": {
                                            "unit": "em",
                                            "top": "",
                                            "right": "",
                                            "bottom": "",
                                            "left": "",
                                            "isLinked": true
                                        },
                                        "__globals__": {
                                            "icon_color": "globals\/colors?id=13ff17d",
                                            "text_color": "globals\/colors?id=accent",
                                            "text_color_hover": "globals\/colors?id=13ff17d",
                                            "icon_typography_typography": "globals\/typography?id=67286a6"
                                        }
                                    },
                                    "elements": [],
                                    "isInner": false,
                                    "widgetType": "icon-list",
                                    "elType": "widget"
                                }
                            ],
                            "isInner": true,
                            "elType": "container"
                        },
                        {
                            "id": "547f6eeb",
                            "settings": {
                                "content_width": "full",
                                "border_border": "solid",
                                "border_width": {
                                    "unit": "px",
                                    "top": "2",
                                    "right": "2",
                                    "bottom": "2",
                                    "left": "2",
                                    "isLinked": true
                                },
                                "border_radius": {
                                    "unit": "px",
                                    "top": "10",
                                    "right": "10",
                                    "bottom": "10",
                                    "left": "10",
                                    "isLinked": true
                                },
                                "padding": {
                                    "unit": "em",
                                    "top": "2",
                                    "right": "2",
                                    "bottom": "2",
                                    "left": "2",
                                    "isLinked": true
                                },
                                "padding_tablet": {
                                    "unit": "em",
                                    "top": "",
                                    "right": "",
                                    "bottom": "",
                                    "left": "",
                                    "isLinked": true
                                },
                                "padding_mobile": {
                                    "unit": "em",
                                    "top": "",
                                    "right": "",
                                    "bottom": "",
                                    "left": "",
                                    "isLinked": true
                                },
                                "__globals__": {
                                    "border_color": "globals\/colors?id=primary"
                                }
                            },
                            "elements": [
                                {
                                    "id": "37362c7f",
                                    "settings": {
                                        "title": "Free Online Assessment",
                                        "_margin": {
                                            "unit": "em",
                                            "top": "",
                                            "right": "",
                                            "bottom": "",
                                            "left": "",
                                            "isLinked": true
                                        },
                                        "_margin_tablet": {
                                            "unit": "em",
                                            "top": "",
                                            "right": "",
                                            "bottom": "",
                                            "left": "",
                                            "isLinked": true
                                        },
                                        "_margin_mobile": {
                                            "unit": "em",
                                            "top": "",
                                            "right": "",
                                            "bottom": "",
                                            "left": "",
                                            "isLinked": true
                                        },
                                        "_padding": {
                                            "unit": "em",
                                            "top": "",
                                            "right": "",
                                            "bottom": "",
                                            "left": "",
                                            "isLinked": true
                                        },
                                        "_padding_tablet": {
                                            "unit": "em",
                                            "top": "",
                                            "right": "",
                                            "bottom": "",
                                            "left": "",
                                            "isLinked": true
                                        },
                                        "_padding_mobile": {
                                            "unit": "em",
                                            "top": "",
                                            "right": "",
                                            "bottom": "",
                                            "left": "",
                                            "isLinked": true
                                        },
                                        "_border_width": {
                                            "unit": "px",
                                            "top": "0",
                                            "right": "0",
                                            "bottom": "0",
                                            "left": "3",
                                            "isLinked": false
                                        },
                                        "__globals__": {
                                            "title_color": "",
                                            "typography_typography": "",
                                            "_border_color": "globals\/colors?id=13ff17d"
                                        },
                                        "header_size": "h4",
                                        "typography_font_family": "Lato",
                                        "typography_font_size": {
                                            "unit": "rem",
                                            "size": 1.5,
                                            "sizes": []
                                        },
                                        "typography_font_size_tablet": {
                                            "unit": "rem",
                                            "size": 1.4,
                                            "sizes": []
                                        },
                                        "typography_font_size_mobile": {
                                            "unit": "rem",
                                            "size": 1.3,
                                            "sizes": []
                                        },
                                        "typography_font_weight": "600",
                                        "typography_line_height": {
                                            "unit": "em",
                                            "size": 1.2,
                                            "sizes": []
                                        },
                                        "typography_line_height_tablet": {
                                            "unit": "em",
                                            "size": 1.2,
                                            "sizes": []
                                        },
                                        "typography_line_height_mobile": {
                                            "unit": "em",
                                            "size": 1.2,
                                            "sizes": []
                                        },
                                        "_border_color": "#F2C230"
                                    },
                                    "elements": [],
                                    "isInner": false,
                                    "widgetType": "heading",
                                    "elType": "widget"
                                },
                                {
                                    "id": "a4c89d7",
                                    "settings": {
                                        "form-control": "1092"
                                    },
                                    "elements": [],
                                    "isInner": false,
                                    "widgetType": "rform",
                                    "elType": "widget"
                                }
                            ],
                            "isInner": true,
                            "elType": "container"
                        }
                    ],
                    "isInner": true,
                    "elType": "container"
                }
            ],
            "isInner": false,
            "elType": "container"
        },
        {
            "id": "7e9ca37f",
            "settings": {
                "flex_direction": "row",
                "flex_gap": {
                    "unit": "px",
                    "size": 0,
                    "column": "0",
                    "row": "0"
                },
                "flex_direction_tablet": "column",
                "flex_align_items": "center",
                "flex_align_items_tablet": "flex-start",
                "background_background": "classic",
                "background_image": {
                    "url": "http:\/\/gtkit.rometheme.pro\/gimmigrate\/wp-content\/uploads\/sites\/6\/2022\/07\/american-passports-and-flag-with-the-symbols-of-th-XKC2DG9.jpg",
                    "id": 105,
                    "size": "",
                    "alt": "",
                    "source": "library"
                },
                "background_position": "center center",
                "background_attachment": "fixed",
                "background_size": "cover",
                "background_overlay_background": "classic",
                "padding": {
                    "unit": "em",
                    "top": "7",
                    "right": "0",
                    "bottom": "7",
                    "left": "0",
                    "isLinked": false
                },
                "padding_tablet": {
                    "unit": "em",
                    "top": "",
                    "right": "",
                    "bottom": "",
                    "left": "",
                    "isLinked": true
                },
                "padding_mobile": {
                    "unit": "em",
                    "top": "",
                    "right": "",
                    "bottom": "",
                    "left": "",
                    "isLinked": true
                },
                "__globals__": {
                    "background_overlay_color": "globals\/colors?id=primary"
                },
                "_title": "Contact"
            },
            "elements": [
                {
                    "id": "7e8daea2",
                    "settings": {
                        "flex_direction": "column",
                        "content_width": "full",
                        "width": {
                            "unit": "%",
                            "size": 100
                        }
                    },
                    "elements": [
                        {
                            "id": "7b4ab529",
                            "settings": {
                                "title": "Visa Application",
                                "align": "left",
                                "__globals__": {
                                    "title_color": "globals\/colors?id=13ff17d",
                                    "typography_typography": "globals\/typography?id=b9ca720"
                                },
                                "align_tablet": "left",
                                "header_size": "div",
                                "_background_color_stop_tablet": {
                                    "unit": "%"
                                },
                                "_background_color_stop_mobile": {
                                    "unit": "%"
                                },
                                "_background_color_b_stop_tablet": {
                                    "unit": "%"
                                },
                                "_background_color_b_stop_mobile": {
                                    "unit": "%"
                                },
                                "_background_gradient_angle_tablet": {
                                    "unit": "deg"
                                },
                                "_background_gradient_angle_mobile": {
                                    "unit": "deg"
                                },
                                "_background_gradient_position_tablet": "",
                                "_background_gradient_position_mobile": "",
                                "_background_hover_color_stop_tablet": {
                                    "unit": "%"
                                },
                                "_background_hover_color_stop_mobile": {
                                    "unit": "%"
                                },
                                "_background_hover_color_b_stop_tablet": {
                                    "unit": "%"
                                },
                                "_background_hover_color_b_stop_mobile": {
                                    "unit": "%"
                                },
                                "_background_hover_gradient_angle_tablet": {
                                    "unit": "deg"
                                },
                                "_background_hover_gradient_angle_mobile": {
                                    "unit": "deg"
                                },
                                "_background_hover_gradient_position_tablet": "",
                                "_background_hover_gradient_position_mobile": ""
                            },
                            "elements": [],
                            "isInner": false,
                            "widgetType": "heading",
                            "elType": "widget"
                        },
                        {
                            "id": "d5fe33e",
                            "settings": {
                                "title": "Contact Us if You Are Looking for a Visa Application",
                                "title_color": "#F2F2F2",
                                "_margin": {
                                    "unit": "em",
                                    "top": "",
                                    "right": "",
                                    "bottom": "",
                                    "left": "",
                                    "isLinked": true
                                },
                                "_margin_tablet": {
                                    "unit": "em",
                                    "top": "",
                                    "right": "",
                                    "bottom": "",
                                    "left": "",
                                    "isLinked": true
                                },
                                "_margin_mobile": {
                                    "unit": "em",
                                    "top": "-1",
                                    "right": "0",
                                    "bottom": "0",
                                    "left": "0",
                                    "isLinked": false
                                },
                                "__globals__": {
                                    "title_color": "",
                                    "typography_typography": "globals\/typography?id=a687dee"
                                },
                                "align_tablet": "left",
                                "_background_color_stop_tablet": {
                                    "unit": "%"
                                },
                                "_background_color_stop_mobile": {
                                    "unit": "%"
                                },
                                "_background_color_b_stop_tablet": {
                                    "unit": "%"
                                },
                                "_background_color_b_stop_mobile": {
                                    "unit": "%"
                                },
                                "_background_gradient_angle_tablet": {
                                    "unit": "deg"
                                },
                                "_background_gradient_angle_mobile": {
                                    "unit": "deg"
                                },
                                "_background_gradient_position_tablet": "",
                                "_background_gradient_position_mobile": "",
                                "_background_hover_color_stop_tablet": {
                                    "unit": "%"
                                },
                                "_background_hover_color_stop_mobile": {
                                    "unit": "%"
                                },
                                "_background_hover_color_b_stop_tablet": {
                                    "unit": "%"
                                },
                                "_background_hover_color_b_stop_mobile": {
                                    "unit": "%"
                                },
                                "_background_hover_gradient_angle_tablet": {
                                    "unit": "deg"
                                },
                                "_background_hover_gradient_angle_mobile": {
                                    "unit": "deg"
                                },
                                "_background_hover_gradient_position_tablet": "",
                                "_background_hover_gradient_position_mobile": ""
                            },
                            "elements": [],
                            "isInner": false,
                            "widgetType": "heading",
                            "elType": "widget"
                        },
                        {
                            "id": "66c8e9c2",
                            "settings": {
                                "editor": "<p>Need a consultation? Call us today +123-234-1234 or email us: hello@awesomesite.com<\/p>",
                                "__globals__": {
                                    "text_color": "globals\/colors?id=secondary"
                                },
                                "_background_color_stop_tablet": {
                                    "unit": "%"
                                },
                                "_background_color_stop_mobile": {
                                    "unit": "%"
                                },
                                "_background_color_b_stop_tablet": {
                                    "unit": "%"
                                },
                                "_background_color_b_stop_mobile": {
                                    "unit": "%"
                                },
                                "_background_gradient_angle_tablet": {
                                    "unit": "deg"
                                },
                                "_background_gradient_angle_mobile": {
                                    "unit": "deg"
                                },
                                "_background_gradient_position_tablet": "",
                                "_background_gradient_position_mobile": "",
                                "_background_hover_color_stop_tablet": {
                                    "unit": "%"
                                },
                                "_background_hover_color_stop_mobile": {
                                    "unit": "%"
                                },
                                "_background_hover_color_b_stop_tablet": {
                                    "unit": "%"
                                },
                                "_background_hover_color_b_stop_mobile": {
                                    "unit": "%"
                                },
                                "_background_hover_gradient_angle_tablet": {
                                    "unit": "deg"
                                },
                                "_background_hover_gradient_angle_mobile": {
                                    "unit": "deg"
                                },
                                "_background_hover_gradient_position_tablet": "",
                                "_background_hover_gradient_position_mobile": ""
                            },
                            "elements": [],
                            "isInner": false,
                            "widgetType": "text-editor",
                            "elType": "widget"
                        }
                    ],
                    "isInner": true,
                    "elType": "container"
                },
                {
                    "id": "74a50eb",
                    "settings": {
                        "flex_direction": "column",
                        "content_width": "full",
                        "width": {
                            "unit": "%",
                            "size": 13
                        },
                        "width_tablet": {
                            "unit": "%",
                            "size": 100,
                            "sizes": []
                        },
                        "width_mobile": {
                            "unit": "%",
                            "size": "",
                            "sizes": []
                        }
                    },
                    "elements": [
                        {
                            "id": "3397dc44",
                            "settings": {
                                "text": "Contact Us",
                                "align": "right",
                                "_margin": {
                                    "unit": "em",
                                    "top": "0",
                                    "right": "0",
                                    "bottom": "0",
                                    "left": "0",
                                    "isLinked": false
                                },
                                "_margin_tablet": {
                                    "unit": "em",
                                    "top": "1",
                                    "right": "0",
                                    "bottom": "0",
                                    "left": "0",
                                    "isLinked": false
                                },
                                "_margin_mobile": {
                                    "unit": "em",
                                    "top": "",
                                    "right": "",
                                    "bottom": "",
                                    "left": "",
                                    "isLinked": true
                                },
                                "__globals__": {
                                    "typography_typography": "",
                                    "button_text_color": "",
                                    "background_color": "",
                                    "border_color": "",
                                    "hover_color": "",
                                    "button_background_hover_color": "",
                                    "button_hover_border_color": ""
                                },
                                "background_background": "",
                                "button_background_hover_background": "",
                                "align_tablet": "left",
                                "_background_color_stop_tablet": {
                                    "unit": "%"
                                },
                                "_background_color_stop_mobile": {
                                    "unit": "%"
                                },
                                "_background_color_b_stop_tablet": {
                                    "unit": "%"
                                },
                                "_background_color_b_stop_mobile": {
                                    "unit": "%"
                                },
                                "_background_gradient_angle_tablet": {
                                    "unit": "deg"
                                },
                                "_background_gradient_angle_mobile": {
                                    "unit": "deg"
                                },
                                "_background_gradient_position_tablet": "",
                                "_background_gradient_position_mobile": "",
                                "_background_hover_color_stop_tablet": {
                                    "unit": "%"
                                },
                                "_background_hover_color_stop_mobile": {
                                    "unit": "%"
                                },
                                "_background_hover_color_b_stop_tablet": {
                                    "unit": "%"
                                },
                                "_background_hover_color_b_stop_mobile": {
                                    "unit": "%"
                                },
                                "_background_hover_gradient_angle_tablet": {
                                    "unit": "deg"
                                },
                                "_background_hover_gradient_angle_mobile": {
                                    "unit": "deg"
                                },
                                "_background_hover_gradient_position_tablet": "",
                                "_background_hover_gradient_position_mobile": ""
                            },
                            "elements": [],
                            "isInner": false,
                            "widgetType": "button",
                            "elType": "widget"
                        }
                    ],
                    "isInner": true,
                    "elType": "container"
                }
            ],
            "isInner": false,
            "elType": "container"
        }
    ]
}