{
    "version": "0.4",
    "title": "Contact Us",
    "type": "page",
    "metadata": {
        "template_type": "single-page",
        "include_in_zip": "1",
        "elementor_pro_required": null,
        "wp_page_template": "elementor_header_footer"
    },
    "content": [
        {
            "id": "6bbc6c1d",
            "settings": {
                "flex_direction": "column",
                "min_height": {
                    "unit": "vh",
                    "size": 50,
                    "sizes": []
                },
                "min_height_tablet": {
                    "unit": "vh",
                    "size": "",
                    "sizes": []
                },
                "min_height_mobile": {
                    "unit": "vh",
                    "size": "",
                    "sizes": []
                },
                "flex_justify_content": "center",
                "flex_align_items": "center",
                "background_background": "classic",
                "background_image": {
                    "url": "http:\/\/gtkit.rometheme.pro\/gimmigrate\/wp-content\/uploads\/sites\/6\/2022\/07\/specialist-approving-visa-application-at-table-926ZJQGb.jpg",
                    "id": 258,
                    "size": "",
                    "alt": "",
                    "source": "library"
                },
                "background_position": "center center",
                "background_size": "cover",
                "background_overlay_background": "gradient",
                "background_overlay_color_b_stop": {
                    "unit": "%",
                    "size": 75,
                    "sizes": []
                },
                "__globals__": {
                    "background_overlay_color": "globals\/colors?id=f8dc47e",
                    "background_overlay_color_b": "globals\/colors?id=primary"
                }
            },
            "elements": [
                {
                    "id": "2ca4b9fb",
                    "settings": {
                        "title": "Contact Us",
                        "__globals__": {
                            "title_color": "globals\/colors?id=secondary"
                        },
                        "align": "center",
                        "_background_color_stop_tablet": {
                            "unit": "%",
                            "size": "",
                            "sizes": []
                        },
                        "_background_color_stop_mobile": {
                            "unit": "%",
                            "size": "",
                            "sizes": []
                        },
                        "_background_color_b_stop_tablet": {
                            "unit": "%",
                            "size": "",
                            "sizes": []
                        },
                        "_background_color_b_stop_mobile": {
                            "unit": "%",
                            "size": "",
                            "sizes": []
                        },
                        "_background_gradient_angle_tablet": {
                            "unit": "deg",
                            "size": "",
                            "sizes": []
                        },
                        "_background_gradient_angle_mobile": {
                            "unit": "deg",
                            "size": "",
                            "sizes": []
                        },
                        "_background_gradient_position_tablet": "center center",
                        "_background_gradient_position_mobile": "center center",
                        "_background_hover_color_stop_tablet": {
                            "unit": "%",
                            "size": "",
                            "sizes": []
                        },
                        "_background_hover_color_stop_mobile": {
                            "unit": "%",
                            "size": "",
                            "sizes": []
                        },
                        "_background_hover_color_b_stop_tablet": {
                            "unit": "%",
                            "size": "",
                            "sizes": []
                        },
                        "_background_hover_color_b_stop_mobile": {
                            "unit": "%",
                            "size": "",
                            "sizes": []
                        },
                        "_background_hover_gradient_angle_tablet": {
                            "unit": "deg",
                            "size": "",
                            "sizes": []
                        },
                        "_background_hover_gradient_angle_mobile": {
                            "unit": "deg",
                            "size": "",
                            "sizes": []
                        },
                        "_background_hover_gradient_position_tablet": "center center",
                        "_background_hover_gradient_position_mobile": "center center"
                    },
                    "elements": [],
                    "isInner": false,
                    "widgetType": "heading",
                    "elType": "widget"
                },
                {
                    "id": "666ffcd",
                    "settings": {
                        "editor": "<p><a href=\"#\">Home<\/a> \/ Contact Us<\/p>",
                        "__globals__": {
                            "text_color": "globals\/colors?id=accent"
                        },
                        "_background_color_stop_tablet": {
                            "unit": "%",
                            "size": "",
                            "sizes": []
                        },
                        "_background_color_stop_mobile": {
                            "unit": "%",
                            "size": "",
                            "sizes": []
                        },
                        "_background_color_b_stop_tablet": {
                            "unit": "%",
                            "size": "",
                            "sizes": []
                        },
                        "_background_color_b_stop_mobile": {
                            "unit": "%",
                            "size": "",
                            "sizes": []
                        },
                        "_background_gradient_angle_tablet": {
                            "unit": "deg",
                            "size": "",
                            "sizes": []
                        },
                        "_background_gradient_angle_mobile": {
                            "unit": "deg",
                            "size": "",
                            "sizes": []
                        },
                        "_background_gradient_position_tablet": "center center",
                        "_background_gradient_position_mobile": "center center",
                        "_background_hover_color_stop_tablet": {
                            "unit": "%",
                            "size": "",
                            "sizes": []
                        },
                        "_background_hover_color_stop_mobile": {
                            "unit": "%",
                            "size": "",
                            "sizes": []
                        },
                        "_background_hover_color_b_stop_tablet": {
                            "unit": "%",
                            "size": "",
                            "sizes": []
                        },
                        "_background_hover_color_b_stop_mobile": {
                            "unit": "%",
                            "size": "",
                            "sizes": []
                        },
                        "_background_hover_gradient_angle_tablet": {
                            "unit": "deg",
                            "size": "",
                            "sizes": []
                        },
                        "_background_hover_gradient_angle_mobile": {
                            "unit": "deg",
                            "size": "",
                            "sizes": []
                        },
                        "_background_hover_gradient_position_tablet": "center center",
                        "_background_hover_gradient_position_mobile": "center center"
                    },
                    "elements": [],
                    "isInner": false,
                    "widgetType": "text-editor",
                    "elType": "widget"
                }
            ],
            "isInner": false,
            "elType": "container"
        },
        {
            "id": "3143de27",
            "settings": {
                "flex_direction": "row",
                "flex_gap": {
                    "unit": "px",
                    "size": 70,
                    "column": "70",
                    "row": "0"
                },
                "flex_direction_tablet": "column",
                "flex_gap_tablet": {
                    "column": "0",
                    "row": "70",
                    "isLinked": false,
                    "unit": "px",
                    "size": 0
                },
                "flex_gap_mobile": {
                    "column": "0",
                    "row": "50",
                    "isLinked": false,
                    "unit": "px",
                    "size": 0
                },
                "overflow": "hidden",
                "padding": {
                    "unit": "em",
                    "top": "7",
                    "right": "0",
                    "bottom": "7",
                    "left": "0",
                    "isLinked": false
                },
                "padding_tablet": {
                    "unit": "em",
                    "top": "",
                    "right": "",
                    "bottom": "",
                    "left": "",
                    "isLinked": true
                },
                "padding_mobile": {
                    "unit": "em",
                    "top": "",
                    "right": "",
                    "bottom": "",
                    "left": "",
                    "isLinked": true
                }
            },
            "elements": [
                {
                    "id": "49a863c0",
                    "settings": {
                        "flex_direction": "column",
                        "content_width": "full",
                        "width": {
                            "unit": "%",
                            "size": "50"
                        },
                        "width_tablet": {
                            "unit": "%",
                            "size": 100,
                            "sizes": []
                        },
                        "width_mobile": {
                            "unit": "em",
                            "size": "",
                            "sizes": []
                        },
                        "flex_justify_content": "center"
                    },
                    "elements": [
                        {
                            "id": "4cbbbd10",
                            "settings": {
                                "title": "Contact Us",
                                "align": "left",
                                "__globals__": {
                                    "title_color": "globals\/colors?id=13ff17d",
                                    "typography_typography": "globals\/typography?id=b9ca720"
                                },
                                "header_size": "div"
                            },
                            "elements": [],
                            "isInner": false,
                            "widgetType": "heading",
                            "elType": "widget"
                        },
                        {
                            "id": "7fb2f763",
                            "settings": {
                                "title": "Get in Touch",
                                "_margin": {
                                    "unit": "em",
                                    "top": "",
                                    "right": "",
                                    "bottom": "",
                                    "left": "",
                                    "isLinked": true
                                },
                                "_margin_tablet": {
                                    "unit": "em",
                                    "top": "",
                                    "right": "",
                                    "bottom": "",
                                    "left": "",
                                    "isLinked": true
                                },
                                "_margin_mobile": {
                                    "unit": "em",
                                    "top": "",
                                    "right": "",
                                    "bottom": "",
                                    "left": "",
                                    "isLinked": true
                                },
                                "__globals__": {
                                    "typography_typography": "",
                                    "title_color": ""
                                },
                                "header_size": "h3",
                                "typography_font_family": "Lato",
                                "typography_font_size": {
                                    "unit": "rem",
                                    "size": 3.5,
                                    "sizes": []
                                },
                                "typography_font_size_tablet": {
                                    "unit": "rem",
                                    "size": 2.7,
                                    "sizes": []
                                },
                                "typography_font_size_mobile": {
                                    "unit": "rem",
                                    "size": 1.7,
                                    "sizes": []
                                },
                                "typography_font_weight": "600",
                                "typography_line_height": {
                                    "unit": "em",
                                    "size": 1.2,
                                    "sizes": []
                                },
                                "typography_line_height_tablet": {
                                    "unit": "em",
                                    "size": 1.2,
                                    "sizes": []
                                },
                                "_animation": "fadeInUp",
                                "animation_duration": "slow"
                            },
                            "elements": [],
                            "isInner": false,
                            "widgetType": "heading",
                            "elType": "widget"
                        },
                        {
                            "id": "766801f6",
                            "settings": {
                                "editor": "<p>Vivamus convallis lacinia feugiat. Ut eget eros molestie, sodales leo at, consequat erat. Nunc eget molestie turpis. Ut dapibus tincidunt leo, nec aliquet urna cursus ac.<\/p><p>Morbi mollis, tortor et fringilla laoreet, felis neque tristique dolor, sed auctor leo massa in lorem. Sed eget pretium ante, a aliquet tellus. Donec sapien quam, venenatis ut lorem vel, lobortis aliquam metus.<\/p>",
                                "__globals__": {
                                    "text_color": "globals\/colors?id=571d37b",
                                    "typography_typography": "globals\/typography?id=7ec549e"
                                }
                            },
                            "elements": [],
                            "isInner": false,
                            "widgetType": "text-editor",
                            "elType": "widget"
                        },
                        {
                            "id": "72ad078a",
                            "settings": {
                                "content_width": "full",
                                "flex_direction": "row",
                                "flex_direction_mobile": "column",
                                "flex_gap": {
                                    "column": "0",
                                    "row": "20",
                                    "isLinked": false,
                                    "unit": "px",
                                    "size": 0
                                },
                                "flex_wrap": "wrap"
                            },
                            "elements": [
                                {
                                    "id": "1e2e6dcf",
                                    "settings": {
                                        "selected_icon": {
                                            "value": "rtmicon rtmicon-classic-phone",
                                            "library": "rtmicons"
                                        },
                                        "title_text": "Call Us",
                                        "description_text": "0761-8523-398",
                                        "position": "left",
                                        "icon_size": {
                                            "unit": "px",
                                            "size": 45,
                                            "sizes": []
                                        },
                                        "content_vertical_alignment": "middle",
                                        "title_bottom_space": {
                                            "unit": "px",
                                            "size": 7,
                                            "sizes": []
                                        },
                                        "__globals__": {
                                            "primary_color": "globals\/colors?id=13ff17d",
                                            "title_typography_typography": "globals\/typography?id=cfb4b20",
                                            "title_color": "globals\/colors?id=text",
                                            "description_color": "globals\/colors?id=primary",
                                            "description_typography_typography": "globals\/typography?id=32c26e0"
                                        },
                                        "icon_size_tablet": {
                                            "unit": "px",
                                            "size": 45,
                                            "sizes": []
                                        },
                                        "position_mobile": "left",
                                        "icon_size_mobile": {
                                            "unit": "px",
                                            "size": 40,
                                            "sizes": []
                                        },
                                        "title_size": "h6",
                                        "primary_color": "#F2C230",
                                        "_element_width": "initial",
                                        "_element_custom_width": {
                                            "unit": "%",
                                            "size": 43,
                                            "sizes": []
                                        },
                                        "_element_custom_width_mobile": {
                                            "unit": "%",
                                            "size": 100,
                                            "sizes": []
                                        }
                                    },
                                    "elements": [],
                                    "isInner": false,
                                    "widgetType": "icon-box",
                                    "elType": "widget"
                                },
                                {
                                    "id": "2283b920",
                                    "settings": {
                                        "selected_icon": {
                                            "value": "rtmicon rtmicon-email-spam",
                                            "library": "rtmicons"
                                        },
                                        "title_text": "Email Us",
                                        "description_text": "hello@domainsite.com",
                                        "position": "left",
                                        "icon_size": {
                                            "unit": "px",
                                            "size": 45,
                                            "sizes": []
                                        },
                                        "content_vertical_alignment": "middle",
                                        "title_bottom_space": {
                                            "unit": "px",
                                            "size": 7,
                                            "sizes": []
                                        },
                                        "__globals__": {
                                            "primary_color": "globals\/colors?id=13ff17d",
                                            "title_typography_typography": "globals\/typography?id=cfb4b20",
                                            "title_color": "globals\/colors?id=text",
                                            "description_color": "globals\/colors?id=primary",
                                            "description_typography_typography": "globals\/typography?id=32c26e0"
                                        },
                                        "icon_size_tablet": {
                                            "unit": "px",
                                            "size": 45,
                                            "sizes": []
                                        },
                                        "position_mobile": "left",
                                        "icon_size_mobile": {
                                            "unit": "px",
                                            "size": 40,
                                            "sizes": []
                                        },
                                        "title_size": "h6",
                                        "primary_color": "#F2C230",
                                        "_element_width": "initial",
                                        "_element_custom_width": {
                                            "unit": "%",
                                            "size": 57,
                                            "sizes": []
                                        },
                                        "_element_custom_width_mobile": {
                                            "unit": "%",
                                            "size": 100,
                                            "sizes": []
                                        }
                                    },
                                    "elements": [],
                                    "isInner": false,
                                    "widgetType": "icon-box",
                                    "elType": "widget"
                                },
                                {
                                    "id": "ad087e",
                                    "settings": {
                                        "selected_icon": {
                                            "value": "rtmicon rtmicon-site-logo",
                                            "library": "rtmicons"
                                        },
                                        "title_text": "Website",
                                        "description_text": "www.domainsite.com",
                                        "position": "left",
                                        "icon_size": {
                                            "unit": "px",
                                            "size": 45,
                                            "sizes": []
                                        },
                                        "content_vertical_alignment": "middle",
                                        "title_bottom_space": {
                                            "unit": "px",
                                            "size": 7,
                                            "sizes": []
                                        },
                                        "__globals__": {
                                            "primary_color": "globals\/colors?id=13ff17d",
                                            "title_typography_typography": "globals\/typography?id=cfb4b20",
                                            "title_color": "globals\/colors?id=text",
                                            "description_color": "globals\/colors?id=primary",
                                            "description_typography_typography": "globals\/typography?id=32c26e0"
                                        },
                                        "icon_size_tablet": {
                                            "unit": "px",
                                            "size": 45,
                                            "sizes": []
                                        },
                                        "position_mobile": "left",
                                        "icon_size_mobile": {
                                            "unit": "px",
                                            "size": 40,
                                            "sizes": []
                                        },
                                        "title_size": "h6",
                                        "primary_color": "#F2C230",
                                        "_element_width": "initial",
                                        "_element_custom_width": {
                                            "unit": "%",
                                            "size": 43,
                                            "sizes": []
                                        },
                                        "_element_custom_width_mobile": {
                                            "unit": "%",
                                            "size": 100,
                                            "sizes": []
                                        }
                                    },
                                    "elements": [],
                                    "isInner": false,
                                    "widgetType": "icon-box",
                                    "elType": "widget"
                                },
                                {
                                    "id": "4bb1437f",
                                    "settings": {
                                        "selected_icon": {
                                            "value": "rtmicon rtmicon-location",
                                            "library": "rtmicons"
                                        },
                                        "title_text": "Visit Us",
                                        "description_text": "KLLG st, No.99, Pku City, ID 28289",
                                        "position": "left",
                                        "icon_size": {
                                            "unit": "px",
                                            "size": 45,
                                            "sizes": []
                                        },
                                        "content_vertical_alignment": "middle",
                                        "title_bottom_space": {
                                            "unit": "px",
                                            "size": 7,
                                            "sizes": []
                                        },
                                        "__globals__": {
                                            "primary_color": "globals\/colors?id=13ff17d",
                                            "title_typography_typography": "globals\/typography?id=cfb4b20",
                                            "title_color": "globals\/colors?id=text",
                                            "description_color": "globals\/colors?id=primary",
                                            "description_typography_typography": "globals\/typography?id=32c26e0"
                                        },
                                        "icon_size_tablet": {
                                            "unit": "px",
                                            "size": 45,
                                            "sizes": []
                                        },
                                        "position_mobile": "left",
                                        "icon_size_mobile": {
                                            "unit": "px",
                                            "size": 40,
                                            "sizes": []
                                        },
                                        "title_size": "h6",
                                        "primary_color": "#F2C230",
                                        "_element_width": "initial",
                                        "_element_custom_width": {
                                            "unit": "%",
                                            "size": 57,
                                            "sizes": []
                                        },
                                        "_element_custom_width_mobile": {
                                            "unit": "%",
                                            "size": 100,
                                            "sizes": []
                                        }
                                    },
                                    "elements": [],
                                    "isInner": false,
                                    "widgetType": "icon-box",
                                    "elType": "widget"
                                }
                            ],
                            "isInner": true,
                            "elType": "container"
                        },
                        {
                            "id": "403d4210",
                            "settings": {
                                "text": "Divider",
                                "weight": {
                                    "unit": "px",
                                    "size": 2,
                                    "sizes": []
                                },
                                "gap": {
                                    "unit": "px",
                                    "size": 2,
                                    "sizes": []
                                },
                                "_margin": {
                                    "unit": "em",
                                    "top": "2",
                                    "right": "0",
                                    "bottom": "1",
                                    "left": "0",
                                    "isLinked": false
                                },
                                "_margin_tablet": {
                                    "unit": "em",
                                    "top": "",
                                    "right": "",
                                    "bottom": "",
                                    "left": "",
                                    "isLinked": true
                                },
                                "_margin_mobile": {
                                    "unit": "em",
                                    "top": "",
                                    "right": "",
                                    "bottom": "",
                                    "left": "",
                                    "isLinked": true
                                },
                                "__globals__": {
                                    "color": "globals\/colors?id=13ff17d"
                                }
                            },
                            "elements": [],
                            "isInner": false,
                            "widgetType": "divider",
                            "elType": "widget"
                        },
                        {
                            "id": "2af03e63",
                            "settings": {
                                "social_icon_list": [
                                    {
                                        "social_icon": {
                                            "value": "fab fa-facebook",
                                            "library": "fa-brands"
                                        },
                                        "_id": "456a9e3"
                                    },
                                    {
                                        "social_icon": {
                                            "value": "fab fa-twitter",
                                            "library": "fa-brands"
                                        },
                                        "_id": "c7a8584"
                                    },
                                    {
                                        "social_icon": {
                                            "value": "fab fa-instagram",
                                            "library": "fa-brands"
                                        },
                                        "_id": "1683cd2"
                                    },
                                    {
                                        "social_icon": {
                                            "value": "fab fa-youtube",
                                            "library": "fa-brands"
                                        },
                                        "_id": "dabf42f"
                                    },
                                    {
                                        "social_icon": {
                                            "value": "fab fa-linkedin",
                                            "library": "fa-brands"
                                        },
                                        "_id": "a3d1460"
                                    }
                                ],
                                "shape": "circle",
                                "align": "left",
                                "icon_color": "custom",
                                "icon_size": {
                                    "unit": "px",
                                    "size": 15,
                                    "sizes": []
                                },
                                "icon_padding": {
                                    "unit": "em",
                                    "size": 0.7,
                                    "sizes": []
                                },
                                "icon_spacing": {
                                    "unit": "px",
                                    "size": 15,
                                    "sizes": []
                                },
                                "__globals__": {
                                    "icon_primary_color": "globals\/colors?id=13ff17d",
                                    "icon_secondary_color": "globals\/colors?id=accent",
                                    "hover_primary_color": "globals\/colors?id=f340149",
                                    "hover_secondary_color": "globals\/colors?id=primary",
                                    "image_border_color": "globals\/colors?id=13ff17d",
                                    "hover_border_color": "globals\/colors?id=13ff17d"
                                },
                                "icon_size_mobile": {
                                    "unit": "px",
                                    "size": 13,
                                    "sizes": []
                                },
                                "image_border_border": "solid",
                                "image_border_width": {
                                    "unit": "px",
                                    "top": "2",
                                    "right": "2",
                                    "bottom": "2",
                                    "left": "2",
                                    "isLinked": true
                                }
                            },
                            "elements": [],
                            "isInner": false,
                            "widgetType": "social-icons",
                            "elType": "widget"
                        }
                    ],
                    "isInner": true,
                    "elType": "container"
                },
                {
                    "id": "2c852f4",
                    "settings": {
                        "flex_direction": "column",
                        "content_width": "full",
                        "width": {
                            "unit": "%",
                            "size": "50"
                        },
                        "width_tablet": {
                            "unit": "%",
                            "size": 100,
                            "sizes": []
                        },
                        "width_mobile": {
                            "unit": "%",
                            "size": "",
                            "sizes": []
                        },
                        "border_border": "solid",
                        "border_width": {
                            "unit": "px",
                            "top": "2",
                            "right": "2",
                            "bottom": "2",
                            "left": "2",
                            "isLinked": true
                        },
                        "border_radius": {
                            "unit": "px",
                            "top": "10",
                            "right": "10",
                            "bottom": "10",
                            "left": "10",
                            "isLinked": true
                        },
                        "padding": {
                            "unit": "em",
                            "top": "2",
                            "right": "2",
                            "bottom": "2",
                            "left": "2",
                            "isLinked": true
                        },
                        "padding_tablet": {
                            "unit": "em",
                            "top": "",
                            "right": "",
                            "bottom": "",
                            "left": "",
                            "isLinked": true
                        },
                        "padding_mobile": {
                            "unit": "em",
                            "top": "",
                            "right": "",
                            "bottom": "",
                            "left": "",
                            "isLinked": true
                        },
                        "animation": "fadeInRight",
                        "animation_duration": "slow",
                        "__globals__": {
                            "border_color": "globals\/colors?id=primary"
                        }
                    },
                    "elements": [
                        {
                            "id": "4f339894",
                            "settings": {
                                "title": "Send Your Message",
                                "_margin": {
                                    "unit": "em",
                                    "top": "",
                                    "right": "",
                                    "bottom": "",
                                    "left": "",
                                    "isLinked": true
                                },
                                "_margin_tablet": {
                                    "unit": "em",
                                    "top": "",
                                    "right": "",
                                    "bottom": "",
                                    "left": "",
                                    "isLinked": true
                                },
                                "_margin_mobile": {
                                    "unit": "em",
                                    "top": "",
                                    "right": "",
                                    "bottom": "",
                                    "left": "",
                                    "isLinked": true
                                },
                                "__globals__": {
                                    "typography_typography": "",
                                    "title_color": ""
                                },
                                "header_size": "h4",
                                "typography_font_family": "Lato",
                                "typography_font_size": {
                                    "unit": "rem",
                                    "size": 3.5,
                                    "sizes": []
                                },
                                "typography_font_size_tablet": {
                                    "unit": "rem",
                                    "size": 2.7,
                                    "sizes": []
                                },
                                "typography_font_size_mobile": {
                                    "unit": "rem",
                                    "size": 1.7,
                                    "sizes": []
                                },
                                "typography_font_weight": "600",
                                "typography_line_height": {
                                    "unit": "em",
                                    "size": 1.2,
                                    "sizes": []
                                },
                                "typography_line_height_tablet": {
                                    "unit": "em",
                                    "size": 1.2,
                                    "sizes": []
                                },
                                "animation_duration": "slow"
                            },
                            "elements": [],
                            "isInner": false,
                            "widgetType": "heading",
                            "elType": "widget"
                        },
                        {
                            "id": "39b760e2",
                            "settings": {
                                "form-control": "1245"
                            },
                            "elements": [],
                            "isInner": false,
                            "widgetType": "rform",
                            "elType": "widget"
                        }
                    ],
                    "isInner": true,
                    "elType": "container"
                }
            ],
            "isInner": false,
            "elType": "container"
        },
        {
            "id": "35ecbcc5",
            "settings": {
                "flex_direction": "column",
                "content_width": "full"
            },
            "elements": [
                {
                    "id": "a59564c",
                    "settings": {
                        "address": "London Eye, London, United Kingdom",
                        "zoom": {
                            "unit": "px",
                            "size": 13,
                            "sizes": []
                        },
                        "height": {
                            "unit": "px",
                            "size": 450,
                            "sizes": []
                        }
                    },
                    "elements": [],
                    "isInner": false,
                    "widgetType": "google_maps",
                    "elType": "widget"
                }
            ],
            "isInner": false,
            "elType": "container"
        }
    ]
}