{
    "version": "0.4",
    "title": "Gimmigrate &#8211; Assessment RForm",
    "type": "section",
    "metadata": {
        "template_type": "section-contact",
        "include_in_zip": "1",
        "elementor_pro_required": null,
        "wp_page_template": "elementor_canvas"
    },
    "content": [
        {
            "id": "70ac3341",
            "settings": {
                "flex_direction": "column",
                "content_width": "full",
                "flex_gap": {
                    "column": "20",
                    "row": "20",
                    "isLinked": true,
                    "unit": "px",
                    "size": 20
                }
            },
            "elements": [
                {
                    "id": "6ccd4554",
                    "settings": {
                        "show_label": "",
                        "label_text": "Text",
                        "name_input": "rform-text",
                        "placeholder_input": "Full Name",
                        "warning_message": "This field is required",
                        "input_padding": {
                            "unit": "px",
                            "top": "13.5",
                            "right": "18",
                            "bottom": "13.5",
                            "left": "18",
                            "isLinked": false
                        },
                        "input_border_radius": {
                            "unit": "px",
                            "top": "5",
                            "right": "5",
                            "bottom": "5",
                            "left": "5",
                            "isLinked": true
                        },
                        "input_background_normal_background": "classic",
                        "input_border_normal_border": "solid",
                        "input_border_normal_width": {
                            "unit": "px",
                            "top": "2",
                            "right": "2",
                            "bottom": "2",
                            "left": "2",
                            "isLinked": true
                        },
                        "input_background_hover_background": "classic",
                        "input_background_focus_background": "classic",
                        "__globals__": {
                            "input_typography_typography": "globals\/typography?id=cfb4b20",
                            "input_color_normal": "globals\/colors?id=primary",
                            "input_background_normal_color": "globals\/colors?id=f340149",
                            "input_border_normal_color": "globals\/colors?id=13ff17d",
                            "input_color_hover": "globals\/colors?id=primary",
                            "input_background_hover_color": "globals\/colors?id=f340149",
                            "input_color_focus": "globals\/colors?id=primary",
                            "input_background_focus_color": "globals\/colors?id=f340149",
                            "placeholder_color": "globals\/colors?id=fdba9a6",
                            "placeholder_typography_typography": "globals\/typography?id=cfb4b20",
                            "warning_color": "globals\/colors?id=13ff17d",
                            "warning_typography_typography": "globals\/typography?id=cfb4b20",
                            "input_border_hover_color": "globals\/colors?id=13ff17d",
                            "input_border_focus_color": "globals\/colors?id=13ff17d"
                        },
                        "input_border_hover_border": "solid",
                        "input_border_hover_width": {
                            "unit": "px",
                            "top": "2",
                            "right": "2",
                            "bottom": "2",
                            "left": "2",
                            "isLinked": true
                        },
                        "input_border_focus_border": "solid",
                        "input_border_focus_width": {
                            "unit": "px",
                            "top": "2",
                            "right": "2",
                            "bottom": "2",
                            "left": "2",
                            "isLinked": true
                        }
                    },
                    "elements": [],
                    "isInner": false,
                    "widgetType": "text",
                    "elType": "widget"
                },
                {
                    "id": "2b884b0c",
                    "settings": {
                        "show_label": "",
                        "label_text": "Email",
                        "name_input": "rform-email",
                        "placeholder_input": "Email",
                        "warning_message": "This field is required",
                        "input_padding": {
                            "unit": "px",
                            "top": "13.5",
                            "right": "18",
                            "bottom": "13.5",
                            "left": "18",
                            "isLinked": false
                        },
                        "input_border_radius": {
                            "unit": "px",
                            "top": "5",
                            "right": "5",
                            "bottom": "5",
                            "left": "5",
                            "isLinked": true
                        },
                        "input_background_normal_background": "classic",
                        "input_border_normal_border": "solid",
                        "input_border_normal_width": {
                            "unit": "px",
                            "top": "2",
                            "right": "2",
                            "bottom": "2",
                            "left": "2",
                            "isLinked": true
                        },
                        "input_background_hover_background": "classic",
                        "input_background_focus_background": "classic",
                        "__globals__": {
                            "input_typography_typography": "globals\/typography?id=cfb4b20",
                            "input_color_normal": "globals\/colors?id=primary",
                            "input_background_normal_color": "globals\/colors?id=f340149",
                            "input_border_normal_color": "globals\/colors?id=13ff17d",
                            "input_color_hover": "globals\/colors?id=primary",
                            "input_background_hover_color": "globals\/colors?id=f340149",
                            "input_color_focus": "globals\/colors?id=primary",
                            "input_background_focus_color": "globals\/colors?id=f340149",
                            "placeholder_color": "globals\/colors?id=fdba9a6",
                            "placeholder_typography_typography": "globals\/typography?id=cfb4b20",
                            "warning_color": "globals\/colors?id=13ff17d",
                            "warning_typography_typography": "globals\/typography?id=cfb4b20",
                            "input_border_hover_color": "globals\/colors?id=13ff17d",
                            "input_border_focus_color": "globals\/colors?id=13ff17d"
                        },
                        "input_border_hover_border": "solid",
                        "input_border_hover_width": {
                            "unit": "px",
                            "top": "2",
                            "right": "2",
                            "bottom": "2",
                            "left": "2",
                            "isLinked": true
                        },
                        "input_border_focus_border": "solid",
                        "input_border_focus_width": {
                            "unit": "px",
                            "top": "2",
                            "right": "2",
                            "bottom": "2",
                            "left": "2",
                            "isLinked": true
                        }
                    },
                    "elements": [],
                    "isInner": false,
                    "widgetType": "email",
                    "elType": "widget"
                },
                {
                    "id": "2d1beaad",
                    "settings": {
                        "show_label": "",
                        "label_text": "Phone Number",
                        "name_input": "rform-phone",
                        "placeholder_input": "Input Number Here",
                        "warning_message": "This field is required",
                        "input_padding": {
                            "unit": "px",
                            "top": "13.5",
                            "right": "18",
                            "bottom": "13.5",
                            "left": "18",
                            "isLinked": false
                        },
                        "input_border_radius": {
                            "unit": "px",
                            "top": "5",
                            "right": "5",
                            "bottom": "5",
                            "left": "5",
                            "isLinked": true
                        },
                        "input_background_normal_background": "classic",
                        "input_border_normal_border": "solid",
                        "input_border_normal_width": {
                            "unit": "px",
                            "top": "2",
                            "right": "2",
                            "bottom": "2",
                            "left": "2",
                            "isLinked": true
                        },
                        "input_background_hover_background": "classic",
                        "input_background_focus_background": "classic",
                        "background_flag_background": "classic",
                        "border_radius_flag": {
                            "unit": "px",
                            "top": "5",
                            "right": "0",
                            "bottom": "0",
                            "left": "5",
                            "isLinked": false
                        },
                        "__globals__": {
                            "input_typography_typography": "globals\/typography?id=cfb4b20",
                            "input_color_normal": "globals\/colors?id=primary",
                            "input_background_normal_color": "globals\/colors?id=f340149",
                            "input_border_normal_color": "globals\/colors?id=13ff17d",
                            "input_color_hover": "globals\/colors?id=primary",
                            "input_background_hover_color": "globals\/colors?id=f340149",
                            "input_color_focus": "globals\/colors?id=primary",
                            "input_background_focus_color": "globals\/colors?id=f340149",
                            "placeholder_color": "globals\/colors?id=fdba9a6",
                            "placeholder_typography_typography": "globals\/typography?id=cfb4b20",
                            "warning_color": "globals\/colors?id=13ff17d",
                            "warning_typography_typography": "globals\/typography?id=cfb4b20",
                            "flag_typography_typography": "globals\/typography?id=cfb4b20",
                            "flag_color": "globals\/colors?id=accent",
                            "background_flag_color": "globals\/colors?id=primary",
                            "input_border_hover_color": "globals\/colors?id=13ff17d",
                            "input_border_focus_color": "globals\/colors?id=13ff17d"
                        },
                        "input_border_hover_border": "solid",
                        "input_border_hover_width": {
                            "unit": "px",
                            "top": "2",
                            "right": "2",
                            "bottom": "2",
                            "left": "2",
                            "isLinked": true
                        },
                        "input_border_focus_border": "solid",
                        "input_border_focus_width": {
                            "unit": "px",
                            "top": "2",
                            "right": "2",
                            "bottom": "2",
                            "left": "2",
                            "isLinked": true
                        }
                    },
                    "elements": [],
                    "isInner": false,
                    "widgetType": "rform_phone",
                    "elType": "widget"
                },
                {
                    "id": "59e93702",
                    "settings": {
                        "show_label": "",
                        "label_text": "Select",
                        "name_input": "rform-select",
                        "placeholder_input": "Select Visa",
                        "options": [
                            {
                                "option_text": "Working Visas",
                                "option_value": "item-1",
                                "_id": "4288813"
                            },
                            {
                                "option_text": "Study Visas",
                                "option_value": "item-2",
                                "_id": "22533e3"
                            },
                            {
                                "option_text": "Business Visas",
                                "option_value": "item-3",
                                "_id": "3d37d0b"
                            },
                            {
                                "option_text": "Family Visas",
                                "option_value": "item-4",
                                "_id": "23b2adc"
                            },
                            {
                                "option_text": "Diplomatic Visas",
                                "option_value": "item-5",
                                "_id": "0caea00"
                            },
                            {
                                "option_text": "Permanent Residency Visas",
                                "option_value": "item-6",
                                "_id": "312c883"
                            },
                            {
                                "option_text": "Tourist Visas",
                                "option_value": "item-7",
                                "_id": "b0fba91"
                            },
                            {
                                "option_text": "Transit Visas",
                                "option_value": "item-8",
                                "_id": "0b5ca11"
                            },
                            {
                                "option_text": "Refugee & Asylum Visas",
                                "option_value": "item-9",
                                "_id": "1974294"
                            }
                        ],
                        "warning_message": "This field is required",
                        "input_padding": {
                            "unit": "px",
                            "top": "13.5",
                            "right": "18",
                            "bottom": "13.5",
                            "left": "18",
                            "isLinked": false
                        },
                        "input_border_radius": {
                            "unit": "px",
                            "top": "5",
                            "right": "5",
                            "bottom": "5",
                            "left": "5",
                            "isLinked": true
                        },
                        "input_background_normal_background": "classic",
                        "input_border_normal_border": "solid",
                        "input_border_normal_width": {
                            "unit": "px",
                            "top": "2",
                            "right": "2",
                            "bottom": "2",
                            "left": "2",
                            "isLinked": true
                        },
                        "input_background_hover_background": "classic",
                        "input_background_focus_background": "classic",
                        "__globals__": {
                            "input_typography_typography": "globals\/typography?id=cfb4b20",
                            "input_color_normal": "globals\/colors?id=primary",
                            "input_background_normal_color": "globals\/colors?id=f340149",
                            "input_border_normal_color": "globals\/colors?id=13ff17d",
                            "input_color_hover": "globals\/colors?id=primary",
                            "input_background_hover_color": "globals\/colors?id=f340149",
                            "input_color_focus": "globals\/colors?id=primary",
                            "input_background_focus_color": "globals\/colors?id=f340149",
                            "placeholder_color": "globals\/colors?id=fdba9a6",
                            "placeholder_typography_typography": "globals\/typography?id=cfb4b20",
                            "warning_color": "globals\/colors?id=13ff17d",
                            "warning_typography_typography": "globals\/typography?id=cfb4b20",
                            "border_option_color": "globals\/colors?id=primary",
                            "option_typography_typography": "globals\/typography?id=cfb4b20",
                            "option_bg_normal": "globals\/colors?id=primary",
                            "option_color_normal": "globals\/colors?id=accent",
                            "option_color_hover": "globals\/colors?id=13ff17d",
                            "option_bg_hover": "globals\/colors?id=primary",
                            "input_border_hover_color": "globals\/colors?id=13ff17d",
                            "input_border_focus_color": "globals\/colors?id=13ff17d"
                        },
                        "option_padding": {
                            "unit": "px",
                            "top": "13.5",
                            "right": "18",
                            "bottom": "13.5",
                            "left": "18",
                            "isLinked": false
                        },
                        "option-border-radius": {
                            "unit": "px",
                            "top": "5",
                            "right": "5",
                            "bottom": "5",
                            "left": "5",
                            "isLinked": true
                        },
                        "border_option_border": "solid",
                        "border_option_width": {
                            "unit": "px",
                            "top": "2",
                            "right": "2",
                            "bottom": "2",
                            "left": "2",
                            "isLinked": true
                        },
                        "input_border_hover_border": "solid",
                        "input_border_hover_width": {
                            "unit": "px",
                            "top": "2",
                            "right": "2",
                            "bottom": "2",
                            "left": "2",
                            "isLinked": true
                        },
                        "input_border_focus_border": "solid",
                        "input_border_focus_width": {
                            "unit": "px",
                            "top": "2",
                            "right": "2",
                            "bottom": "2",
                            "left": "2",
                            "isLinked": true
                        }
                    },
                    "elements": [],
                    "isInner": false,
                    "widgetType": "select",
                    "elType": "widget"
                },
                {
                    "id": "2e4adb9b",
                    "settings": {
                        "show_label": "",
                        "label_text": "Message",
                        "name_input": "rform-message ",
                        "placeholder_input": "Message",
                        "warning_message": "This field is required",
                        "input_height": {
                            "unit": "px",
                            "size": 150,
                            "sizes": []
                        },
                        "input_padding": {
                            "unit": "px",
                            "top": "13.5",
                            "right": "18",
                            "bottom": "13.5",
                            "left": "18",
                            "isLinked": false
                        },
                        "input_border_radius": {
                            "unit": "px",
                            "top": "5",
                            "right": "5",
                            "bottom": "5",
                            "left": "5",
                            "isLinked": true,
                            "size": 5
                        },
                        "input_border_radius_tablet": {
                            "unit": "px",
                            "top": "",
                            "right": "",
                            "bottom": "",
                            "left": "",
                            "isLinked": true
                        },
                        "input_border_radius_mobile": {
                            "unit": "px",
                            "top": "",
                            "right": "",
                            "bottom": "",
                            "left": "",
                            "isLinked": true
                        },
                        "input_background_normal_background": "classic",
                        "input_border_normal_border": "solid",
                        "input_border_normal_width": {
                            "unit": "px",
                            "top": "2",
                            "right": "2",
                            "bottom": "2",
                            "left": "2",
                            "isLinked": true
                        },
                        "input_background_hover_background": "classic",
                        "input_background_focus_background": "classic",
                        "__globals__": {
                            "input_typography_typography": "globals\/typography?id=cfb4b20",
                            "input_color_normal": "globals\/colors?id=primary",
                            "input_background_normal_color": "globals\/colors?id=f340149",
                            "input_border_normal_color": "globals\/colors?id=13ff17d",
                            "input_color_hover": "globals\/colors?id=primary",
                            "input_background_hover_color": "globals\/colors?id=f340149",
                            "input_color_focus": "globals\/colors?id=primary",
                            "input_background_focus_color": "globals\/colors?id=f340149",
                            "placeholder_color": "globals\/colors?id=fdba9a6",
                            "placeholder_typography_typography": "globals\/typography?id=cfb4b20",
                            "warning_color": "globals\/colors?id=13ff17d",
                            "warning_typography_typography": "globals\/typography?id=cfb4b20",
                            "input_border_hover_color": "globals\/colors?id=13ff17d",
                            "input_border_focus_color": "globals\/colors?id=13ff17d"
                        },
                        "input_border_hover_border": "solid",
                        "input_border_hover_width": {
                            "unit": "px",
                            "top": "2",
                            "right": "2",
                            "bottom": "2",
                            "left": "2",
                            "isLinked": true
                        },
                        "input_border_focus_border": "solid",
                        "input_border_focus_width": {
                            "unit": "px",
                            "top": "2",
                            "right": "2",
                            "bottom": "2",
                            "left": "2",
                            "isLinked": true
                        }
                    },
                    "elements": [],
                    "isInner": false,
                    "widgetType": "text-area",
                    "elType": "widget"
                },
                {
                    "id": "1c350e77",
                    "settings": {
                        "button_text": "Submit",
                        "btn_fullwidth": "yes",
                        "__globals__": {
                            "btn_color_hover": "globals\/colors?id=primary",
                            "btn_background_normal_color": "globals\/colors?id=primary",
                            "border_normal_color": "globals\/colors?id=primary",
                            "btn_background_hover_color": "globals\/colors?id=f340149",
                            "border_hover_color": "globals\/colors?id=primary"
                        },
                        "border_normal_border": "solid",
                        "border_normal_width": {
                            "unit": "px",
                            "top": "2",
                            "right": "2",
                            "bottom": "2",
                            "left": "2",
                            "isLinked": true
                        },
                        "btn_background_normal_background": "classic",
                        "border_hover_border": "solid",
                        "border_hover_width": {
                            "unit": "px",
                            "top": "2",
                            "right": "2",
                            "bottom": "2",
                            "left": "2",
                            "isLinked": true
                        },
                        "btn_background_hover_background": "classic"
                    },
                    "elements": [],
                    "isInner": false,
                    "widgetType": "rform_button_submit",
                    "elType": "widget"
                }
            ],
            "isInner": false,
            "elType": "container"
        }
    ]
}