{
    "version": "0.4",
    "title": "Gimmigrate &#8211; Footer",
    "type": "section",
    "metadata": {
        "template_type": "section-footer",
        "include_in_zip": "1",
        "elementor_pro_required": null,
        "wp_page_template": "elementor_canvas"
    },
    "content": [
        {
            "id": "348bd87a",
            "settings": {
                "flex_direction": "row",
                "flex_gap": {
                    "unit": "px",
                    "size": 0,
                    "column": "0",
                    "row": "0",
                    "isLinked": true
                },
                "background_background": "classic",
                "padding": {
                    "unit": "em",
                    "top": "7",
                    "right": "0",
                    "bottom": "7",
                    "left": "0",
                    "isLinked": false
                },
                "padding_tablet": {
                    "unit": "em",
                    "top": "",
                    "right": "",
                    "bottom": "",
                    "left": "",
                    "isLinked": true
                },
                "padding_mobile": {
                    "unit": "em",
                    "top": "",
                    "right": "",
                    "bottom": "",
                    "left": "",
                    "isLinked": true
                },
                "__globals__": {
                    "background_color": "globals\/colors?id=primary"
                },
                "flex_gap_tablet": {
                    "column": "0",
                    "row": "70",
                    "isLinked": false,
                    "unit": "px",
                    "size": 0
                },
                "flex_wrap_tablet": "wrap",
                "flex_wrap": "wrap",
                "flex_justify_content_tablet": "space-between",
                "flex_gap_mobile": {
                    "column": "0",
                    "row": "50",
                    "isLinked": false,
                    "unit": "px",
                    "size": 0
                }
            },
            "elements": [
                {
                    "id": "7dc51d41",
                    "settings": {
                        "flex_direction": "column",
                        "content_width": "full",
                        "width": {
                            "unit": "%",
                            "size": 38
                        },
                        "flex_align_items": "flex-start",
                        "flex_gap": {
                            "column": "",
                            "row": "",
                            "isLinked": true,
                            "unit": "px",
                            "size": null
                        },
                        "width_tablet": {
                            "unit": "%",
                            "size": 100,
                            "sizes": []
                        },
                        "width_mobile": {
                            "unit": "%",
                            "size": "",
                            "sizes": []
                        },
                        "flex_gap_tablet": {
                            "column": "",
                            "row": "",
                            "isLinked": true,
                            "unit": "px",
                            "size": null
                        },
                        "flex_justify_content_tablet": "space-between"
                    },
                    "elements": [
                        {
                            "id": "22f337a6",
                            "settings": {
                                "image": {
                                    "id": 617,
                                    "url": "http:\/\/gtkit.rometheme.pro\/gimmigrate\/wp-content\/uploads\/sites\/6\/2022\/07\/Gimmigrate-Logo.png",
                                    "alt": "",
                                    "source": "library",
                                    "size": ""
                                },
                                "image_size": "full",
                                "align": "left",
                                "width": {
                                    "unit": "%",
                                    "size": 65,
                                    "sizes": []
                                },
                                "_margin": {
                                    "unit": "em",
                                    "top": "",
                                    "right": "",
                                    "bottom": "",
                                    "left": "",
                                    "isLinked": true
                                },
                                "_margin_tablet": {
                                    "unit": "em",
                                    "top": "0",
                                    "right": "0",
                                    "bottom": "0",
                                    "left": "0",
                                    "isLinked": false
                                },
                                "_margin_mobile": {
                                    "unit": "em",
                                    "top": "",
                                    "right": "",
                                    "bottom": "",
                                    "left": "",
                                    "isLinked": true
                                },
                                "align_tablet": "left",
                                "width_tablet": {
                                    "unit": "%",
                                    "size": 60,
                                    "sizes": []
                                },
                                "width_mobile": {
                                    "unit": "%",
                                    "size": 80,
                                    "sizes": []
                                },
                                "_element_custom_width_tablet": {
                                    "unit": "%",
                                    "size": 54,
                                    "sizes": []
                                },
                                "_element_custom_width_mobile": {
                                    "unit": "%",
                                    "size": "",
                                    "sizes": []
                                }
                            },
                            "elements": [],
                            "isInner": false,
                            "widgetType": "image",
                            "elType": "widget"
                        },
                        {
                            "id": "42c2fb5d",
                            "settings": {
                                "editor": "<p>Lorem ipsum dolor sit amet consec tetur adipis cing elit ut elit el tellus, luctus nec ullam corper mattiso amatug Suspen disse libero diam, accum san.<\/p>",
                                "_element_custom_width": {
                                    "unit": "%",
                                    "size": 79,
                                    "sizes": []
                                },
                                "align": "left",
                                "__globals__": {
                                    "text_color": "globals\/colors?id=secondary",
                                    "typography_typography": ""
                                },
                                "_margin": {
                                    "unit": "em",
                                    "top": "",
                                    "right": "",
                                    "bottom": "",
                                    "left": "",
                                    "isLinked": true
                                },
                                "_margin_tablet": {
                                    "unit": "em",
                                    "top": "",
                                    "right": "",
                                    "bottom": "",
                                    "left": "",
                                    "isLinked": true
                                },
                                "_margin_mobile": {
                                    "unit": "em",
                                    "top": "",
                                    "right": "",
                                    "bottom": "",
                                    "left": "",
                                    "isLinked": true
                                },
                                "_element_width": "initial",
                                "typography_font_family": "Titillium Web",
                                "typography_font_size": {
                                    "unit": "rem",
                                    "size": 1,
                                    "sizes": []
                                },
                                "typography_font_weight": "400",
                                "typography_line_height": {
                                    "unit": "em",
                                    "size": 1.5,
                                    "sizes": []
                                },
                                "_element_custom_width_tablet": {
                                    "unit": "%",
                                    "size": 100,
                                    "sizes": []
                                },
                                "_element_custom_width_mobile": {
                                    "unit": "%",
                                    "size": "",
                                    "sizes": []
                                }
                            },
                            "elements": [],
                            "isInner": false,
                            "widgetType": "text-editor",
                            "elType": "widget"
                        },
                        {
                            "id": "cf5e1c2",
                            "settings": {
                                "social_icon_list": [
                                    {
                                        "social_icon": {
                                            "value": "fab fa-facebook",
                                            "library": "fa-brands"
                                        },
                                        "_id": "456a9e3"
                                    },
                                    {
                                        "social_icon": {
                                            "value": "fab fa-twitter",
                                            "library": "fa-brands"
                                        },
                                        "_id": "c7a8584"
                                    },
                                    {
                                        "social_icon": {
                                            "value": "fab fa-instagram",
                                            "library": "fa-brands"
                                        },
                                        "_id": "1683cd2"
                                    },
                                    {
                                        "social_icon": {
                                            "value": "fab fa-youtube",
                                            "library": "fa-brands"
                                        },
                                        "_id": "dabf42f"
                                    },
                                    {
                                        "social_icon": {
                                            "value": "fab fa-linkedin",
                                            "library": "fa-brands"
                                        },
                                        "_id": "a3d1460"
                                    }
                                ],
                                "shape": "circle",
                                "align": "right",
                                "icon_color": "custom",
                                "icon_size": {
                                    "unit": "px",
                                    "size": 15,
                                    "sizes": []
                                },
                                "icon_padding": {
                                    "unit": "em",
                                    "size": 0.7,
                                    "sizes": []
                                },
                                "icon_spacing": {
                                    "unit": "px",
                                    "size": 15,
                                    "sizes": []
                                },
                                "__globals__": {
                                    "icon_primary_color": "globals\/colors?id=13ff17d",
                                    "icon_secondary_color": "globals\/colors?id=accent",
                                    "hover_primary_color": "globals\/colors?id=f340149",
                                    "hover_secondary_color": "globals\/colors?id=accent",
                                    "image_border_color": "globals\/colors?id=13ff17d",
                                    "hover_border_color": "globals\/colors?id=13ff17d"
                                },
                                "icon_size_mobile": {
                                    "unit": "px",
                                    "size": 13,
                                    "sizes": []
                                },
                                "image_border_border": "solid",
                                "image_border_width": {
                                    "unit": "px",
                                    "top": "2",
                                    "right": "2",
                                    "bottom": "2",
                                    "left": "2",
                                    "isLinked": true
                                }
                            },
                            "elements": [],
                            "isInner": false,
                            "widgetType": "social-icons",
                            "elType": "widget"
                        }
                    ],
                    "isInner": true,
                    "elType": "container"
                },
                {
                    "id": "4240f135",
                    "settings": {
                        "flex_direction": "column",
                        "content_width": "full",
                        "width": {
                            "unit": "%",
                            "size": 17
                        },
                        "width_tablet": {
                            "unit": "%",
                            "size": 21,
                            "sizes": []
                        },
                        "width_mobile": {
                            "unit": "%",
                            "size": "",
                            "sizes": []
                        },
                        "flex_gap": {
                            "column": "20",
                            "row": "20",
                            "isLinked": true,
                            "unit": "px",
                            "size": 20
                        }
                    },
                    "elements": [
                        {
                            "id": "2ee9dbe1",
                            "settings": {
                                "title": "Quick Links",
                                "header_size": "h4",
                                "__globals__": {
                                    "title_color": "globals\/colors?id=secondary",
                                    "typography_typography": ""
                                },
                                "typography_font_family": "Raleway",
                                "typography_font_size": {
                                    "unit": "rem",
                                    "size": 1.5,
                                    "sizes": []
                                },
                                "typography_font_size_tablet": {
                                    "unit": "rem",
                                    "size": "",
                                    "sizes": []
                                },
                                "typography_font_size_mobile": {
                                    "unit": "rem",
                                    "size": "",
                                    "sizes": []
                                },
                                "typography_font_weight": "700",
                                "typography_line_height": {
                                    "unit": "em",
                                    "size": 1.2,
                                    "sizes": []
                                }
                            },
                            "elements": [],
                            "isInner": false,
                            "widgetType": "heading",
                            "elType": "widget"
                        },
                        {
                            "id": "e261563",
                            "settings": {
                                "icon_list": [
                                    {
                                        "text": "Home",
                                        "selected_icon": {
                                            "value": "fas fa-chevron-right",
                                            "library": "fa-solid"
                                        },
                                        "_id": "d4cbf13",
                                        "link": {
                                            "url": "#",
                                            "is_external": "",
                                            "nofollow": "",
                                            "custom_attributes": ""
                                        }
                                    },
                                    {
                                        "text": "About Us",
                                        "selected_icon": {
                                            "value": "fas fa-chevron-right",
                                            "library": "fa-solid"
                                        },
                                        "link": {
                                            "url": "#",
                                            "is_external": "",
                                            "nofollow": "",
                                            "custom_attributes": ""
                                        },
                                        "_id": "1083831"
                                    },
                                    {
                                        "text": "Services",
                                        "selected_icon": {
                                            "value": "fas fa-chevron-right",
                                            "library": "fa-solid"
                                        },
                                        "link": {
                                            "url": "#",
                                            "is_external": "",
                                            "nofollow": "",
                                            "custom_attributes": ""
                                        },
                                        "_id": "7c5c0fa"
                                    },
                                    {
                                        "text": "Cases",
                                        "selected_icon": {
                                            "value": "fas fa-chevron-right",
                                            "library": "fa-solid"
                                        },
                                        "link": {
                                            "url": "#",
                                            "is_external": "",
                                            "nofollow": "",
                                            "custom_attributes": ""
                                        },
                                        "_id": "41606b5"
                                    },
                                    {
                                        "text": "Pricing",
                                        "selected_icon": {
                                            "value": "fas fa-chevron-right",
                                            "library": "fa-solid"
                                        },
                                        "link": {
                                            "url": "#",
                                            "is_external": "",
                                            "nofollow": "",
                                            "custom_attributes": ""
                                        },
                                        "_id": "8f5bc73"
                                    },
                                    {
                                        "text": "Contact",
                                        "selected_icon": {
                                            "value": "fas fa-chevron-right",
                                            "library": "fa-solid"
                                        },
                                        "link": {
                                            "url": "#",
                                            "is_external": "",
                                            "nofollow": "",
                                            "custom_attributes": ""
                                        },
                                        "_id": "ada9348"
                                    }
                                ],
                                "space_between": {
                                    "unit": "px",
                                    "size": 15,
                                    "sizes": []
                                },
                                "icon_size": {
                                    "unit": "px",
                                    "size": 15,
                                    "sizes": []
                                },
                                "text_indent": {
                                    "unit": "px",
                                    "size": 5,
                                    "sizes": []
                                },
                                "__globals__": {
                                    "icon_typography_typography": "globals\/typography?id=5762e5f",
                                    "icon_color": "globals\/colors?id=3b18848",
                                    "text_color": "globals\/colors?id=accent",
                                    "text_color_hover": "globals\/colors?id=13ff17d",
                                    "icon_color_hover": "globals\/colors?id=3b18848"
                                }
                            },
                            "elements": [],
                            "isInner": false,
                            "widgetType": "icon-list",
                            "elType": "widget"
                        }
                    ],
                    "isInner": true,
                    "elType": "container"
                },
                {
                    "id": "198467a2",
                    "settings": {
                        "flex_direction": "column",
                        "content_width": "full",
                        "width": {
                            "unit": "%",
                            "size": 21
                        },
                        "width_tablet": {
                            "unit": "%",
                            "size": 31,
                            "sizes": []
                        },
                        "width_mobile": {
                            "unit": "%",
                            "size": "",
                            "sizes": []
                        },
                        "flex_gap": {
                            "column": "20",
                            "row": "20",
                            "isLinked": true,
                            "unit": "px",
                            "size": 20
                        }
                    },
                    "elements": [
                        {
                            "id": "5379c6cd",
                            "settings": {
                                "title": "Services",
                                "header_size": "h4",
                                "__globals__": {
                                    "title_color": "globals\/colors?id=secondary",
                                    "typography_typography": ""
                                },
                                "typography_font_family": "Raleway",
                                "typography_font_size": {
                                    "unit": "rem",
                                    "size": 1.5,
                                    "sizes": []
                                },
                                "typography_font_size_tablet": {
                                    "unit": "rem",
                                    "size": "",
                                    "sizes": []
                                },
                                "typography_font_size_mobile": {
                                    "unit": "rem",
                                    "size": "",
                                    "sizes": []
                                },
                                "typography_font_weight": "700",
                                "typography_line_height": {
                                    "unit": "em",
                                    "size": 1.2,
                                    "sizes": []
                                }
                            },
                            "elements": [],
                            "isInner": false,
                            "widgetType": "heading",
                            "elType": "widget"
                        },
                        {
                            "id": "46b46899",
                            "settings": {
                                "icon_list": [
                                    {
                                        "text": "Working Visas",
                                        "selected_icon": {
                                            "value": "fas fa-chevron-right",
                                            "library": "fa-solid"
                                        },
                                        "_id": "d4cbf13",
                                        "link": {
                                            "url": "#",
                                            "is_external": "",
                                            "nofollow": "",
                                            "custom_attributes": ""
                                        }
                                    },
                                    {
                                        "text": "Study Visas",
                                        "selected_icon": {
                                            "value": "fas fa-chevron-right",
                                            "library": "fa-solid"
                                        },
                                        "link": {
                                            "url": "#",
                                            "is_external": "",
                                            "nofollow": "",
                                            "custom_attributes": ""
                                        },
                                        "_id": "1083831"
                                    },
                                    {
                                        "text": "Business Visas",
                                        "selected_icon": {
                                            "value": "fas fa-chevron-right",
                                            "library": "fa-solid"
                                        },
                                        "link": {
                                            "url": "#",
                                            "is_external": "",
                                            "nofollow": "",
                                            "custom_attributes": ""
                                        },
                                        "_id": "7c5c0fa"
                                    },
                                    {
                                        "text": "Family Visas",
                                        "selected_icon": {
                                            "value": "fas fa-chevron-right",
                                            "library": "fa-solid"
                                        },
                                        "link": {
                                            "url": "#",
                                            "is_external": "",
                                            "nofollow": "",
                                            "custom_attributes": ""
                                        },
                                        "_id": "41606b5"
                                    },
                                    {
                                        "text": "Diplomatic Visas",
                                        "selected_icon": {
                                            "value": "fas fa-chevron-right",
                                            "library": "fa-solid"
                                        },
                                        "link": {
                                            "url": "#",
                                            "is_external": "",
                                            "nofollow": "",
                                            "custom_attributes": ""
                                        },
                                        "_id": "8f5bc73"
                                    },
                                    {
                                        "text": "Immigration Consult",
                                        "selected_icon": {
                                            "value": "fas fa-chevron-right",
                                            "library": "fa-solid"
                                        },
                                        "link": {
                                            "url": "#",
                                            "is_external": "",
                                            "nofollow": "",
                                            "custom_attributes": ""
                                        },
                                        "_id": "ada9348"
                                    }
                                ],
                                "space_between": {
                                    "unit": "px",
                                    "size": 15,
                                    "sizes": []
                                },
                                "icon_size": {
                                    "unit": "px",
                                    "size": 15,
                                    "sizes": []
                                },
                                "text_indent": {
                                    "unit": "px",
                                    "size": 5,
                                    "sizes": []
                                },
                                "__globals__": {
                                    "icon_typography_typography": "globals\/typography?id=5762e5f",
                                    "icon_color": "globals\/colors?id=3b18848",
                                    "text_color": "globals\/colors?id=accent",
                                    "text_color_hover": "globals\/colors?id=13ff17d",
                                    "icon_color_hover": "globals\/colors?id=3b18848"
                                }
                            },
                            "elements": [],
                            "isInner": false,
                            "widgetType": "icon-list",
                            "elType": "widget"
                        }
                    ],
                    "isInner": true,
                    "elType": "container"
                },
                {
                    "id": "d3f8e3a",
                    "settings": {
                        "flex_direction": "column",
                        "content_width": "full",
                        "width": {
                            "unit": "%",
                            "size": 24
                        },
                        "width_tablet": {
                            "unit": "%",
                            "size": 36,
                            "sizes": []
                        },
                        "width_mobile": {
                            "unit": "%",
                            "size": "",
                            "sizes": []
                        },
                        "flex_gap": {
                            "column": "20",
                            "row": "20",
                            "isLinked": true,
                            "unit": "px",
                            "size": 20
                        }
                    },
                    "elements": [
                        {
                            "id": "763d6212",
                            "settings": {
                                "title": "Information",
                                "header_size": "h4",
                                "__globals__": {
                                    "title_color": "globals\/colors?id=secondary",
                                    "typography_typography": ""
                                },
                                "typography_font_family": "Raleway",
                                "typography_font_size": {
                                    "unit": "rem",
                                    "size": 1.5,
                                    "sizes": []
                                },
                                "typography_font_size_tablet": {
                                    "unit": "rem",
                                    "size": "",
                                    "sizes": []
                                },
                                "typography_font_size_mobile": {
                                    "unit": "rem",
                                    "size": "",
                                    "sizes": []
                                },
                                "typography_font_weight": "700",
                                "typography_line_height": {
                                    "unit": "em",
                                    "size": 1.2,
                                    "sizes": []
                                }
                            },
                            "elements": [],
                            "isInner": false,
                            "widgetType": "heading",
                            "elType": "widget"
                        },
                        {
                            "id": "73fb4b8a",
                            "settings": {
                                "selected_icon": {
                                    "value": "rtmicon rtmicon-classic-phone",
                                    "library": "rtmicons"
                                },
                                "title_text": "Call Us",
                                "description_text": "0761-8523-398",
                                "position": "left",
                                "icon_size": {
                                    "unit": "px",
                                    "size": 45,
                                    "sizes": []
                                },
                                "content_vertical_alignment": "middle",
                                "title_bottom_space": {
                                    "unit": "px",
                                    "size": 7,
                                    "sizes": []
                                },
                                "__globals__": {
                                    "primary_color": "globals\/colors?id=13ff17d",
                                    "title_typography_typography": "globals\/typography?id=cfb4b20",
                                    "title_color": "globals\/colors?id=secondary",
                                    "description_color": "globals\/colors?id=secondary",
                                    "description_typography_typography": "globals\/typography?id=67286a6"
                                },
                                "icon_size_tablet": {
                                    "unit": "px",
                                    "size": 45,
                                    "sizes": []
                                },
                                "position_mobile": "left",
                                "icon_size_mobile": {
                                    "unit": "px",
                                    "size": 40,
                                    "sizes": []
                                },
                                "title_size": "h6",
                                "primary_color": "#F2C230"
                            },
                            "elements": [],
                            "isInner": false,
                            "widgetType": "icon-box",
                            "elType": "widget"
                        },
                        {
                            "id": "53d3c763",
                            "settings": {
                                "selected_icon": {
                                    "value": "rtmicon rtmicon-email-spam",
                                    "library": "rtmicons"
                                },
                                "title_text": "Email Us",
                                "description_text": "hello@domainsite.com",
                                "position": "left",
                                "icon_size": {
                                    "unit": "px",
                                    "size": 45,
                                    "sizes": []
                                },
                                "content_vertical_alignment": "middle",
                                "title_bottom_space": {
                                    "unit": "px",
                                    "size": 7,
                                    "sizes": []
                                },
                                "__globals__": {
                                    "primary_color": "globals\/colors?id=13ff17d",
                                    "title_typography_typography": "globals\/typography?id=cfb4b20",
                                    "title_color": "globals\/colors?id=secondary",
                                    "description_color": "globals\/colors?id=secondary",
                                    "description_typography_typography": "globals\/typography?id=67286a6"
                                },
                                "icon_size_tablet": {
                                    "unit": "px",
                                    "size": 45,
                                    "sizes": []
                                },
                                "position_mobile": "left",
                                "icon_size_mobile": {
                                    "unit": "px",
                                    "size": 40,
                                    "sizes": []
                                },
                                "title_size": "h6",
                                "primary_color": "#F2C230"
                            },
                            "elements": [],
                            "isInner": false,
                            "widgetType": "icon-box",
                            "elType": "widget"
                        },
                        {
                            "id": "1e1d564c",
                            "settings": {
                                "selected_icon": {
                                    "value": "rtmicon rtmicon-location",
                                    "library": "rtmicons"
                                },
                                "title_text": "Visit Us",
                                "description_text": "KLLG st, No.99, Pku City, ID 28289",
                                "position": "left",
                                "icon_size": {
                                    "unit": "px",
                                    "size": 45,
                                    "sizes": []
                                },
                                "content_vertical_alignment": "middle",
                                "title_bottom_space": {
                                    "unit": "px",
                                    "size": 7,
                                    "sizes": []
                                },
                                "__globals__": {
                                    "primary_color": "globals\/colors?id=13ff17d",
                                    "title_typography_typography": "globals\/typography?id=cfb4b20",
                                    "title_color": "globals\/colors?id=secondary",
                                    "description_color": "globals\/colors?id=secondary",
                                    "description_typography_typography": "globals\/typography?id=67286a6"
                                },
                                "icon_size_tablet": {
                                    "unit": "px",
                                    "size": 45,
                                    "sizes": []
                                },
                                "position_mobile": "left",
                                "icon_size_mobile": {
                                    "unit": "px",
                                    "size": 40,
                                    "sizes": []
                                },
                                "title_size": "h6",
                                "primary_color": "#F2C230"
                            },
                            "elements": [],
                            "isInner": false,
                            "widgetType": "icon-box",
                            "elType": "widget"
                        }
                    ],
                    "isInner": true,
                    "elType": "container"
                }
            ],
            "isInner": false,
            "elType": "container"
        },
        {
            "id": "1bb9540a",
            "settings": {
                "flex_direction": "column",
                "flex_align_items": "center",
                "background_background": "classic",
                "padding": {
                    "unit": "em",
                    "top": "0",
                    "right": "0",
                    "bottom": "1",
                    "left": "0",
                    "isLinked": false
                },
                "padding_tablet": {
                    "unit": "em",
                    "top": "",
                    "right": "",
                    "bottom": "",
                    "left": "",
                    "isLinked": true
                },
                "padding_mobile": {
                    "unit": "em",
                    "top": "",
                    "right": "",
                    "bottom": "",
                    "left": "",
                    "isLinked": true
                },
                "__globals__": {
                    "background_color": "globals\/colors?id=primary"
                }
            },
            "elements": [
                {
                    "id": "5768cffa",
                    "settings": {
                        "text": "Divider",
                        "gap": {
                            "unit": "px",
                            "size": 2,
                            "sizes": []
                        },
                        "__globals__": {
                            "color": "globals\/colors?id=13ff17d"
                        }
                    },
                    "elements": [],
                    "isInner": false,
                    "widgetType": "divider",
                    "elType": "widget"
                },
                {
                    "id": "335e3626",
                    "settings": {
                        "editor": "<p>Copyright 2024 \u00a9 All Right Reserved Design by Rometheme<\/p>",
                        "align": "center",
                        "__globals__": {
                            "text_color": "globals\/colors?id=secondary",
                            "typography_typography": ""
                        },
                        "typography_font_family": "Inter",
                        "typography_font_size": {
                            "unit": "rem",
                            "size": 1,
                            "sizes": []
                        },
                        "typography_font_size_tablet": {
                            "unit": "rem",
                            "size": 1,
                            "sizes": []
                        },
                        "typography_font_size_mobile": {
                            "unit": "rem",
                            "size": 0.9,
                            "sizes": []
                        },
                        "typography_font_weight": "400",
                        "typography_line_height": {
                            "unit": "em",
                            "size": 1.5,
                            "sizes": []
                        },
                        "typography_line_height_tablet": {
                            "unit": "em",
                            "size": 1.5,
                            "sizes": []
                        },
                        "typography_line_height_mobile": {
                            "unit": "em",
                            "size": 1.5,
                            "sizes": []
                        }
                    },
                    "elements": [],
                    "isInner": false,
                    "widgetType": "text-editor",
                    "elType": "widget"
                }
            ],
            "isInner": false,
            "elType": "container"
        }
    ]
}