{
    "version": "0.4",
    "title": "Gimmigrate &#8211; Header",
    "type": "section",
    "metadata": {
        "template_type": "section-header",
        "include_in_zip": "1",
        "elementor_pro_required": null,
        "wp_page_template": "elementor_canvas"
    },
    "content": [
        {
            "id": "12e24683",
            "settings": {
                "flex_direction": "row",
                "flex_gap": {
                    "unit": "px",
                    "size": 0,
                    "column": "0",
                    "row": "0",
                    "isLinked": true
                },
                "flex_align_items": "center",
                "background_background": "classic",
                "__globals__": {
                    "background_color": "globals\/colors?id=primary"
                },
                "flex_justify_content_tablet": "space-between",
                "padding_tablet": {
                    "unit": "em",
                    "top": "1",
                    "right": "0",
                    "bottom": "1",
                    "left": "0",
                    "isLinked": false
                },
                "padding_mobile": {
                    "unit": "em",
                    "top": "",
                    "right": "",
                    "bottom": "",
                    "left": "",
                    "isLinked": true
                },
                "flex_wrap_tablet": "wrap"
            },
            "elements": [
                {
                    "id": "5b1ea7d",
                    "settings": {
                        "flex_direction": "column",
                        "content_width": "full",
                        "width": {
                            "unit": "%",
                            "size": 15
                        },
                        "width_tablet": {
                            "unit": "%",
                            "size": 30,
                            "sizes": []
                        },
                        "width_mobile": {
                            "unit": "%",
                            "size": 55,
                            "sizes": []
                        }
                    },
                    "elements": [
                        {
                            "id": "2564a79",
                            "settings": {
                                "image": {
                                    "id": 617,
                                    "url": "http:\/\/gtkit.rometheme.pro\/gimmigrate\/wp-content\/uploads\/sites\/6\/2022\/07\/Gimmigrate-Logo.png",
                                    "alt": "",
                                    "source": "library",
                                    "size": ""
                                },
                                "image_size": "full",
                                "align": "left",
                                "_margin": {
                                    "unit": "px",
                                    "top": "0",
                                    "right": "0",
                                    "bottom": "0",
                                    "left": "0",
                                    "isLinked": true
                                },
                                "width_tablet": {
                                    "unit": "%",
                                    "size": 100,
                                    "sizes": []
                                }
                            },
                            "elements": [],
                            "isInner": false,
                            "widgetType": "image",
                            "elType": "widget"
                        }
                    ],
                    "isInner": true,
                    "elType": "container"
                },
                {
                    "id": "15899bfa",
                    "settings": {
                        "flex_direction": "column",
                        "content_width": "full",
                        "width": {
                            "unit": "%",
                            "size": 69
                        },
                        "width_tablet": {
                            "unit": "%",
                            "size": 70,
                            "sizes": []
                        },
                        "width_mobile": {
                            "unit": "%",
                            "size": 45,
                            "sizes": []
                        },
                        "padding": {
                            "unit": "em",
                            "top": "",
                            "right": "",
                            "bottom": "",
                            "left": "",
                            "isLinked": true
                        },
                        "padding_tablet": {
                            "unit": "em",
                            "top": "0",
                            "right": "0",
                            "bottom": "0",
                            "left": "0",
                            "isLinked": false
                        },
                        "padding_mobile": {
                            "unit": "em",
                            "top": "",
                            "right": "",
                            "bottom": "",
                            "left": "",
                            "isLinked": true
                        }
                    },
                    "elements": [
                        {
                            "id": "49b8b37e",
                            "settings": {
                                "menu-select": "gimmigrate-menus",
                                "text-color": "#F4F4F4",
                                "submenu-border_width": {
                                    "unit": "px",
                                    "top": "3",
                                    "right": "0",
                                    "bottom": "0",
                                    "left": "0",
                                    "isLinked": false
                                },
                                "submenu_horizontal_padding": {
                                    "unit": "px",
                                    "size": 20,
                                    "sizes": []
                                },
                                "submenu-icon-size": {
                                    "unit": "px",
                                    "size": 15,
                                    "sizes": []
                                },
                                "submenu-textcolor": "#F4F4F4",
                                "__globals__": {
                                    "menu_typography_typography": "globals\/typography?id=5762e5f",
                                    "text-color": "globals\/colors?id=accent",
                                    "text-hover-color": "globals\/colors?id=13ff17d",
                                    "active-text-color": "globals\/colors?id=13ff17d",
                                    "pointer_active_color": "",
                                    "submenu-border_color": "globals\/colors?id=13ff17d",
                                    "icon_color": "globals\/colors?id=13ff17d",
                                    "submenu-textcolor": "globals\/colors?id=accent",
                                    "submenu-bgcolor": "globals\/colors?id=3f1a949",
                                    "submenu-textcolor-hover": "globals\/colors?id=a8d3399",
                                    "submenu-bgcolor-hover": "globals\/colors?id=3f1a949",
                                    "submenu-textcolor-active": "globals\/colors?id=13ff17d",
                                    "submenu-bgcolor-active": "globals\/colors?id=3f1a949",
                                    "pointer_hover_color": "",
                                    "item-background_color_tablet": "globals\/colors?id=3f1a949",
                                    "submenu-textcolor_tablet": "globals\/colors?id=accent",
                                    "submenu-bgcolor_tablet": "globals\/colors?id=primary",
                                    "submenu-textcolor-hover_tablet": "globals\/colors?id=a8d3399",
                                    "submenu-bgcolor-hover_tablet": "globals\/colors?id=primary",
                                    "submenu-textcolor-active_tablet": "globals\/colors?id=13ff17d",
                                    "submenu-bgcolor-active_tablet": "globals\/colors?id=primary",
                                    "btn-hamburger-bg_tablet": "globals\/colors?id=13ff17d",
                                    "btn-hamburger-color_tablet": "globals\/colors?id=accent",
                                    "btn-hamburger-border_color": "globals\/colors?id=13ff17d",
                                    "btn-hamburger-hoverbg_tablet": "globals\/colors?id=f340149",
                                    "btn-hamburger-hovercolor_tablet": "globals\/colors?id=accent",
                                    "btn-hamburger-hoverborder_color": "globals\/colors?id=13ff17d",
                                    "submenu-textcolor_mobile": "globals\/colors?id=accent",
                                    "submenu-bgcolor_mobile": "globals\/colors?id=primary",
                                    "submenu-textcolor-hover_mobile": "globals\/colors?id=a8d3399",
                                    "submenu-bgcolor-hover_mobile": "globals\/colors?id=primary",
                                    "submenu-textcolor-active_mobile": "globals\/colors?id=13ff17d",
                                    "submenu-bgcolor-active_mobile": "globals\/colors?id=primary",
                                    "btn-hamburger-bg_mobile": "globals\/colors?id=13ff17d",
                                    "btn-hamburger-color_mobile": "globals\/colors?id=accent",
                                    "btn-hamburger-hoverbg_mobile": "globals\/colors?id=f340149",
                                    "btn-hamburger-hovercolor_mobile": "globals\/colors?id=accent",
                                    "item-background_color_mobile": "globals\/colors?id=3f1a949",
                                    "submenu_typography_typography": "globals\/typography?id=5762e5f",
                                    "responsive-background-hover_color_tablet": "globals\/colors?id=secondary",
                                    "responsive-background-active_color_tablet": "globals\/colors?id=3f1a949",
                                    "responsive-background-hover_color_mobile": "globals\/colors?id=secondary",
                                    "responsive-background-active_color_mobile": "globals\/colors?id=3f1a949",
                                    "menu_background_color": "",
                                    "item-background_color": "",
                                    "submenu-textcolor-   ": "globals\/colors?id=13ff17d",
                                    "submenu-textcolor-   _tablet": "globals\/colors?id=13ff17d",
                                    "submenu-textcolor-   _mobile": "globals\/colors?id=13ff17d",
                                    "item-background-hover_color_tablet": "globals\/colors?id=3f1a949",
                                    "item-background-hover_color_mobile": "globals\/colors?id=3f1a949"
                                },
                                "_margin_tablet": {
                                    "unit": "%",
                                    "top": "0",
                                    "right": "0",
                                    "bottom": "0",
                                    "left": "0",
                                    "isLinked": true
                                },
                                "_margin_mobile": {
                                    "unit": "%",
                                    "top": "",
                                    "right": "",
                                    "bottom": "",
                                    "left": "",
                                    "isLinked": true
                                },
                                "menu-position_tablet": "start",
                                "hamburger-position_tablet": "end",
                                "pointer_select": "",
                                "menu_horizontal_padding_tablet": {
                                    "unit": "px",
                                    "size": 40,
                                    "sizes": []
                                },
                                "item-background_background_tablet": "classic",
                                "submenu_horizontal_padding_tablet": {
                                    "unit": "px",
                                    "size": 55,
                                    "sizes": []
                                },
                                "submenu_vertical_padding_tablet": {
                                    "unit": "px",
                                    "size": 15,
                                    "sizes": []
                                },
                                "submenu_space_between_tablet": {
                                    "unit": "px",
                                    "size": 0,
                                    "sizes": []
                                },
                                "hamburger-icon-padding_tablet": {
                                    "unit": "px",
                                    "top": "10",
                                    "right": "10",
                                    "bottom": "10",
                                    "left": "10",
                                    "isLinked": true
                                },
                                "hamburger-border-radius_tablet": {
                                    "unit": "px",
                                    "top": "7",
                                    "right": "7",
                                    "bottom": "7",
                                    "left": "7",
                                    "isLinked": true
                                },
                                "hamburger-icon-size_tablet": {
                                    "unit": "px",
                                    "size": 25,
                                    "sizes": []
                                },
                                "hamburger-icon-size_mobile": {
                                    "unit": "px",
                                    "size": 20,
                                    "sizes": []
                                },
                                "btn-hamburger-border_border": "solid",
                                "btn-hamburger-border_width_tablet": {
                                    "unit": "px",
                                    "top": "2",
                                    "right": "2",
                                    "bottom": "2",
                                    "left": "2",
                                    "isLinked": true
                                },
                                "btn-hamburger-hoverborder_width_tablet": {
                                    "unit": "px",
                                    "top": "2",
                                    "right": "2",
                                    "bottom": "2",
                                    "left": "2",
                                    "isLinked": true
                                },
                                "submenu-textcolor_tablet": "#F4F4F4",
                                "submenu-textcolor_mobile": "#F4F4F4",
                                "btn-hamburger-color_tablet": "#F4F4F4",
                                "btn-hamburger-color_mobile": "#F4F4F4",
                                "menu_spacing_tablet": {
                                    "unit": "px",
                                    "size": 29,
                                    "sizes": []
                                },
                                "menu_spacing_mobile": {
                                    "unit": "px",
                                    "size": 20,
                                    "sizes": []
                                },
                                "hamburger-icon-padding_mobile": {
                                    "unit": "px",
                                    "top": "10",
                                    "right": "10",
                                    "bottom": "10",
                                    "left": "10",
                                    "isLinked": true
                                },
                                "submenu_vertical_padding": {
                                    "unit": "px",
                                    "size": 15,
                                    "sizes": []
                                },
                                "responsive-background-active_background_tablet": "classic",
                                "menu_horizontal_padding": {
                                    "unit": "px",
                                    "size": 20,
                                    "sizes": []
                                },
                                "menu-position": "center",
                                "menu_vertical_padding": {
                                    "unit": "px",
                                    "size": 40,
                                    "sizes": []
                                },
                                "submenu-icon": {
                                    "value": "fas fa-chevron-down",
                                    "library": "fa-solid"
                                },
                                "menu_vertical_padding_mobile": {
                                    "unit": "px",
                                    "size": 15,
                                    "sizes": []
                                },
                                "btn-hamburger-hoverborder_border": "solid",
                                "menu_horizontal_padding_mobile": {
                                    "unit": "px",
                                    "size": 15,
                                    "sizes": []
                                },
                                "submenu_horizontal_padding_mobile": {
                                    "unit": "px",
                                    "size": 30,
                                    "sizes": []
                                },
                                "icon-open": {
                                    "value": "icon icon-menu-7",
                                    "library": "ekiticons"
                                },
                                "icon-close": {
                                    "value": "icon icon-cross",
                                    "library": "ekiticons"
                                },
                                "menu_typography_typography": "custom",
                                "menu_typography_font_family": "Karla",
                                "menu_typography_font_size": {
                                    "unit": "rem",
                                    "size": 1,
                                    "sizes": []
                                },
                                "menu_typography_font_size_tablet": {
                                    "unit": "rem",
                                    "size": 1,
                                    "sizes": []
                                },
                                "menu_typography_font_size_mobile": {
                                    "unit": "rem",
                                    "size": 0.9,
                                    "sizes": []
                                },
                                "menu_typography_font_weight": "600",
                                "menu_typography_line_height": {
                                    "unit": "em",
                                    "size": 1.2,
                                    "sizes": []
                                },
                                "menu_typography_line_height_tablet": {
                                    "unit": "em",
                                    "size": 1.2,
                                    "sizes": []
                                },
                                "menu_typography_line_height_mobile": {
                                    "unit": "em",
                                    "size": 1.2,
                                    "sizes": []
                                },
                                "menu_vertical_padding_tablet": {
                                    "unit": "px",
                                    "size": 15,
                                    "sizes": []
                                },
                                "item-background_color_tablet": "#222C66",
                                "item-background_color_mobile": "#F2F2F2",
                                "text-hover-color": "#F2C230",
                                "responsive-background-hover_color_tablet": "#F2F2F2",
                                "active-text-color": "#F2C230",
                                "responsive-background-active_color_mobile": "#F2F2F2",
                                "submenu_typography_typography": "custom",
                                "submenu_typography_font_family": "Karla",
                                "submenu_typography_font_size": {
                                    "unit": "rem",
                                    "size": 1,
                                    "sizes": []
                                },
                                "submenu_typography_font_size_tablet": {
                                    "unit": "rem",
                                    "size": 1,
                                    "sizes": []
                                },
                                "submenu_typography_font_size_mobile": {
                                    "unit": "rem",
                                    "size": 0.9,
                                    "sizes": []
                                },
                                "submenu_typography_font_weight": "600",
                                "submenu_typography_line_height": {
                                    "unit": "em",
                                    "size": 1.2,
                                    "sizes": []
                                },
                                "submenu_typography_line_height_tablet": {
                                    "unit": "em",
                                    "size": 1.2,
                                    "sizes": []
                                },
                                "submenu_typography_line_height_mobile": {
                                    "unit": "em",
                                    "size": 1.2,
                                    "sizes": []
                                },
                                "submenu-border_border": "solid",
                                "submenu-border_color": "#F2C230",
                                "icon_color": "#F2C230",
                                "submenu-bgcolor": "#222C66",
                                "submenu-textcolor-   ": "#F2C230",
                                "submenu-bgcolor-hover": "#222C66",
                                "submenu-textcolor-active": "#F2C230",
                                "submenu-bgcolor-active": "#222C66",
                                "menu_typography_word_spacing": {
                                    "unit": "em",
                                    "size": "",
                                    "sizes": []
                                },
                                "responsive-background-hover_color_mobile": "#F2F2F2",
                                "item-background-hover_background_tablet": "classic",
                                "item-background-hover_color_tablet": "#222C66",
                                "submenu_typography_word_spacing": {
                                    "unit": "em",
                                    "size": "",
                                    "sizes": []
                                },
                                "submenu-radius": {
                                    "unit": "px",
                                    "top": "0",
                                    "right": "0",
                                    "bottom": "10",
                                    "left": "10",
                                    "isLinked": false
                                },
                                "submenu-radius_tablet": {
                                    "unit": "px",
                                    "top": "0",
                                    "right": "0",
                                    "bottom": "0",
                                    "left": "-1",
                                    "isLinked": false
                                },
                                "submenu-radius_mobile": {
                                    "unit": "px",
                                    "top": "0",
                                    "right": "0",
                                    "bottom": "0",
                                    "left": "0",
                                    "isLinked": false
                                },
                                "hamburger-border-radius_mobile": {
                                    "unit": "px",
                                    "top": "5",
                                    "right": "5",
                                    "bottom": "5",
                                    "left": "5",
                                    "isLinked": true
                                },
                                "subsubmenu_typography_typography": "custom",
                                "subsubmenu_typography_font_family": "DM Sans",
                                "subsubmenu_typography_font_size": {
                                    "unit": "rem",
                                    "size": 1.125,
                                    "sizes": []
                                },
                                "subsubmenu_typography_font_size_tablet": {
                                    "unit": "rem",
                                    "size": 1.1,
                                    "sizes": []
                                },
                                "subsubmenu_typography_font_size_mobile": {
                                    "unit": "rem",
                                    "size": 1,
                                    "sizes": []
                                },
                                "subsubmenu_typography_font_weight": "500",
                                "subsubmenu_typography_line_height": {
                                    "unit": "em",
                                    "size": 1.2,
                                    "sizes": []
                                },
                                "subsubmenu_typography_line_height_tablet": {
                                    "unit": "em",
                                    "size": 1.2,
                                    "sizes": []
                                },
                                "subsubmenu_typography_line_height_mobile": {
                                    "unit": "em",
                                    "size": 1.2,
                                    "sizes": []
                                }
                            },
                            "elements": [],
                            "isInner": false,
                            "widgetType": "rtm-navmenu",
                            "elType": "widget"
                        }
                    ],
                    "isInner": true,
                    "elType": "container"
                },
                {
                    "id": "3ce33096",
                    "settings": {
                        "flex_direction": "column",
                        "content_width": "full",
                        "width": {
                            "unit": "%",
                            "size": 16
                        },
                        "hide_tablet": "hidden-tablet",
                        "hide_mobile": "hidden-mobile"
                    },
                    "elements": [
                        {
                            "id": "1442d95f",
                            "settings": {
                                "selected_icon": {
                                    "value": "rtmicon rtmicon-classic-phone",
                                    "library": "rtmicons"
                                },
                                "title_text": "Any Question? Call Us",
                                "description_text": "0761-8523-398",
                                "position": "left",
                                "icon_size": {
                                    "unit": "px",
                                    "size": 45,
                                    "sizes": []
                                },
                                "content_vertical_alignment": "middle",
                                "title_bottom_space": {
                                    "unit": "px",
                                    "size": 7,
                                    "sizes": []
                                },
                                "__globals__": {
                                    "primary_color": "globals\/colors?id=13ff17d",
                                    "title_typography_typography": "globals\/typography?id=cfb4b20",
                                    "title_color": "globals\/colors?id=secondary",
                                    "description_color": "globals\/colors?id=secondary",
                                    "description_typography_typography": "globals\/typography?id=67286a6"
                                },
                                "icon_size_tablet": {
                                    "unit": "px",
                                    "size": 50,
                                    "sizes": []
                                },
                                "position_mobile": "left",
                                "icon_size_mobile": {
                                    "unit": "px",
                                    "size": 45,
                                    "sizes": []
                                },
                                "title_size": "h6",
                                "primary_color": "#F2C230"
                            },
                            "elements": [],
                            "isInner": false,
                            "widgetType": "icon-box",
                            "elType": "widget"
                        }
                    ],
                    "isInner": true,
                    "elType": "container"
                }
            ],
            "isInner": false,
            "elType": "container"
        }
    ]
}