{
    "version": "0.4",
    "title": "Global Kit Styles",
    "type": "section",
    "metadata": {
        "template_type": "global-styles",
        "include_in_zip": "1",
        "elementor_pro_required": null,
        "additional_template_information": [
            "These are the global theme styles configured through the Elementor Theme Styles area."
        ],
        "wp_page_template": "default"
    },
    "content": [],
    "page_settings": {
        "system_colors": [
            {
                "_id": "primary",
                "title": "Primary \/ Heading",
                "color": "#263173"
            },
            {
                "_id": "secondary",
                "title": "Secondary \/ Site BG",
                "color": "#F2F2F2"
            },
            {
                "_id": "text",
                "title": "Text",
                "color": "#3A3A3A"
            },
            {
                "_id": "accent",
                "title": "Accent \/ Main Button Text",
                "color": "#F4F4F4"
            }
        ],
        "custom_colors": [
            {
                "_id": "13ff17d",
                "title": "Overlay 1",
                "color": "#F2C230"
            },
            {
                "_id": "f340149",
                "title": "Transparent",
                "color": "#F2B33D00"
            },
            {
                "_id": "fdba9a6",
                "title": "Placeholder",
                "color": "#c9c1c1"
            },
            {
                "_id": "3f1a949",
                "title": "Menus BG",
                "color": "#222C66"
            },
            {
                "_id": "f8dc47e",
                "title": "Dark Overlay",
                "color": "#00000082"
            }
        ],
        "system_typography": [
            {
                "_id": "primary",
                "title": "Primary",
                "typography_typography": "custom",
                "typography_font_family": "Lato",
                "typography_font_size": {
                    "unit": "rem",
                    "size": "",
                    "sizes": []
                }
            },
            {
                "_id": "secondary",
                "title": "Secondary",
                "typography_typography": "custom",
                "typography_font_family": "Lato",
                "typography_font_size": {
                    "unit": "rem",
                    "size": "",
                    "sizes": []
                },
                "typography_line_height": {
                    "unit": "em",
                    "size": "",
                    "sizes": []
                }
            },
            {
                "_id": "text",
                "title": "Text",
                "typography_typography": "custom",
                "typography_font_family": "Karla",
                "typography_font_weight": "400",
                "typography_font_size": {
                    "unit": "rem",
                    "size": 1,
                    "sizes": []
                },
                "typography_line_height": {
                    "unit": "em",
                    "size": 1.5,
                    "sizes": []
                },
                "typography_font_size_tablet": {
                    "unit": "rem",
                    "size": 1,
                    "sizes": []
                },
                "typography_font_size_mobile": {
                    "unit": "rem",
                    "size": 0.9,
                    "sizes": []
                },
                "typography_line_height_tablet": {
                    "unit": "em",
                    "size": 1.5,
                    "sizes": []
                },
                "typography_line_height_mobile": {
                    "unit": "em",
                    "size": 1.5,
                    "sizes": []
                }
            },
            {
                "_id": "accent",
                "title": "Label Text",
                "typography_typography": "custom",
                "typography_font_family": "Lato",
                "typography_font_weight": "600",
                "typography_font_size": {
                    "unit": "rem",
                    "size": 1,
                    "sizes": []
                },
                "typography_text_transform": "uppercase",
                "typography_letter_spacing": {
                    "unit": "px",
                    "size": 2,
                    "sizes": []
                },
                "typography_line_height": {
                    "unit": "em",
                    "size": 1,
                    "sizes": []
                },
                "typography_font_size_tablet": {
                    "unit": "rem",
                    "size": 0.9,
                    "sizes": []
                },
                "typography_font_size_mobile": {
                    "unit": "rem",
                    "size": 0.8,
                    "sizes": []
                },
                "typography_line_height_tablet": {
                    "unit": "em",
                    "size": 1,
                    "sizes": []
                },
                "typography_line_height_mobile": {
                    "unit": "em",
                    "size": 1,
                    "sizes": []
                },
                "typography_letter_spacing_tablet": {
                    "unit": "px",
                    "size": 2,
                    "sizes": []
                },
                "typography_letter_spacing_mobile": {
                    "unit": "px",
                    "size": 2,
                    "sizes": []
                }
            }
        ],
        "custom_typography": [
            {
                "typography_typography": "custom",
                "typography_font_family": "Lato",
                "typography_font_size": {
                    "unit": "rem",
                    "size": 1,
                    "sizes": []
                },
                "typography_font_size_tablet": {
                    "unit": "rem",
                    "size": 0.8,
                    "sizes": []
                },
                "typography_font_size_mobile": {
                    "unit": "rem",
                    "size": 0.8,
                    "sizes": []
                },
                "typography_font_weight": "600",
                "typography_text_transform": "uppercase",
                "typography_line_height": {
                    "unit": "em",
                    "size": 1,
                    "sizes": []
                },
                "typography_letter_spacing": {
                    "unit": "px",
                    "size": 3,
                    "sizes": []
                },
                "_id": "b9ca720",
                "title": "Sub Heading",
                "typography_line_height_tablet": {
                    "unit": "em",
                    "size": 1,
                    "sizes": []
                },
                "typography_line_height_mobile": {
                    "unit": "em",
                    "size": 1,
                    "sizes": []
                },
                "typography_letter_spacing_tablet": {
                    "unit": "px",
                    "size": 3,
                    "sizes": []
                },
                "typography_letter_spacing_mobile": {
                    "unit": "px",
                    "size": 3,
                    "sizes": []
                }
            },
            {
                "typography_typography": "custom",
                "typography_font_family": "Lato",
                "typography_font_size": {
                    "unit": "rem",
                    "size": 4.5,
                    "sizes": []
                },
                "typography_font_size_tablet": {
                    "unit": "rem",
                    "size": 3.5,
                    "sizes": []
                },
                "typography_font_size_mobile": {
                    "unit": "rem",
                    "size": 2.4,
                    "sizes": []
                },
                "typography_font_weight": "600",
                "typography_line_height": {
                    "unit": "em",
                    "size": 1.2,
                    "sizes": []
                },
                "_id": "6a1f3c3",
                "title": "Hero Title \/ H1",
                "typography_line_height_tablet": {
                    "unit": "em",
                    "size": 1.2,
                    "sizes": []
                },
                "typography_line_height_mobile": {
                    "unit": "em",
                    "size": 1.2,
                    "sizes": []
                }
            },
            {
                "typography_typography": "custom",
                "typography_font_family": "Karla",
                "typography_font_size": {
                    "unit": "rem",
                    "size": 1.2,
                    "sizes": []
                },
                "typography_font_size_tablet": {
                    "unit": "rem",
                    "size": 0.9,
                    "sizes": []
                },
                "typography_font_size_mobile": {
                    "unit": "rem",
                    "size": 0.7,
                    "sizes": []
                },
                "typography_font_weight": "500",
                "typography_font_style": "italic",
                "typography_line_height": {
                    "unit": "em",
                    "size": 1.5,
                    "sizes": []
                },
                "typography_word_spacing": {
                    "unit": "em",
                    "size": "",
                    "sizes": []
                },
                "_id": "8e64914",
                "title": "Quotes Text 2"
            },
            {
                "typography_typography": "custom",
                "typography_font_family": "Lato",
                "typography_font_size": {
                    "unit": "rem",
                    "size": 3,
                    "sizes": []
                },
                "typography_font_size_tablet": {
                    "unit": "rem",
                    "size": 2.5,
                    "sizes": []
                },
                "typography_font_size_mobile": {
                    "unit": "rem",
                    "size": 2,
                    "sizes": []
                },
                "typography_font_weight": "600",
                "typography_line_height": {
                    "unit": "em",
                    "size": 1.2,
                    "sizes": []
                },
                "_id": "bca2654",
                "title": "Large Title \/ H3",
                "typography_line_height_tablet": {
                    "unit": "em",
                    "size": 1.2,
                    "sizes": []
                }
            },
            {
                "typography_typography": "custom",
                "typography_font_family": "Lato",
                "typography_font_size": {
                    "unit": "rem",
                    "size": 1.5,
                    "sizes": []
                },
                "typography_font_size_tablet": {
                    "unit": "rem",
                    "size": 1.4,
                    "sizes": []
                },
                "typography_font_size_mobile": {
                    "unit": "rem",
                    "size": 1.3,
                    "sizes": []
                },
                "typography_font_weight": "600",
                "typography_line_height": {
                    "unit": "em",
                    "size": 1.2,
                    "sizes": []
                },
                "_id": "d8f4baf",
                "title": "Medium Title \/ H4",
                "typography_line_height_tablet": {
                    "unit": "em",
                    "size": 1.2,
                    "sizes": []
                },
                "typography_line_height_mobile": {
                    "unit": "em",
                    "size": 1.2,
                    "sizes": []
                }
            },
            {
                "typography_typography": "custom",
                "typography_font_family": "Lato",
                "typography_font_size": {
                    "unit": "rem",
                    "size": 1.3,
                    "sizes": []
                },
                "typography_font_size_tablet": {
                    "unit": "rem",
                    "size": 1.2,
                    "sizes": []
                },
                "typography_font_size_mobile": {
                    "unit": "rem",
                    "size": 1.1,
                    "sizes": []
                },
                "typography_font_weight": "600",
                "typography_line_height": {
                    "unit": "em",
                    "size": 1.2,
                    "sizes": []
                },
                "_id": "32c26e0",
                "title": "Small Title \/ H5",
                "typography_line_height_tablet": {
                    "unit": "em",
                    "size": 1.2,
                    "sizes": []
                },
                "typography_line_height_mobile": {
                    "unit": "em",
                    "size": 1.2,
                    "sizes": []
                }
            },
            {
                "typography_typography": "custom",
                "typography_font_family": "Karla",
                "typography_font_size": {
                    "unit": "rem",
                    "size": 1,
                    "sizes": []
                },
                "typography_font_size_tablet": {
                    "unit": "rem",
                    "size": 1,
                    "sizes": []
                },
                "typography_font_size_mobile": {
                    "unit": "rem",
                    "size": 0.9,
                    "sizes": []
                },
                "typography_font_weight": "400",
                "typography_line_height": {
                    "unit": "em",
                    "size": 1.2,
                    "sizes": []
                },
                "typography_word_spacing": {
                    "unit": "em",
                    "size": "",
                    "sizes": []
                },
                "_id": "cfb4b20",
                "title": "Extra Small Title \/ H6",
                "typography_line_height_tablet": {
                    "unit": "em",
                    "size": 1.2,
                    "sizes": []
                },
                "typography_line_height_mobile": {
                    "unit": "em",
                    "size": 1.2,
                    "sizes": []
                }
            },
            {
                "typography_typography": "custom",
                "typography_font_family": "Karla",
                "typography_font_size": {
                    "unit": "rem",
                    "size": 1.1,
                    "sizes": []
                },
                "typography_font_size_tablet": {
                    "unit": "rem",
                    "size": 1,
                    "sizes": []
                },
                "typography_font_size_mobile": {
                    "unit": "rem",
                    "size": 0.9,
                    "sizes": []
                },
                "typography_font_weight": "400",
                "typography_line_height": {
                    "unit": "em",
                    "size": 1.5,
                    "sizes": []
                },
                "_id": "183adaa",
                "title": "Hero Text",
                "typography_line_height_tablet": {
                    "unit": "em",
                    "size": 1.5,
                    "sizes": []
                },
                "typography_line_height_mobile": {
                    "unit": "em",
                    "size": 1.5,
                    "sizes": []
                }
            },
            {
                "typography_typography": "custom",
                "typography_font_family": "Lato",
                "typography_font_size": {
                    "unit": "rem",
                    "size": 2.5,
                    "sizes": []
                },
                "typography_font_size_tablet": {
                    "unit": "rem",
                    "size": 2,
                    "sizes": []
                },
                "typography_font_size_mobile": {
                    "unit": "rem",
                    "size": 1.7,
                    "sizes": []
                },
                "typography_font_weight": "600",
                "typography_line_height": {
                    "unit": "em",
                    "size": 1.2,
                    "sizes": []
                },
                "typography_word_spacing": {
                    "unit": "em",
                    "size": "",
                    "sizes": []
                },
                "_id": "a687dee",
                "title": "Other Title",
                "typography_line_height_tablet": {
                    "unit": "em",
                    "size": 1.2,
                    "sizes": []
                },
                "typography_line_height_mobile": {
                    "unit": "em",
                    "size": 1.2,
                    "sizes": []
                }
            },
            {
                "typography_typography": "custom",
                "typography_font_family": "Karla",
                "typography_font_size": {
                    "unit": "rem",
                    "size": 1.5,
                    "sizes": []
                },
                "typography_font_size_tablet": {
                    "unit": "rem",
                    "size": 1.3,
                    "sizes": []
                },
                "typography_font_size_mobile": {
                    "unit": "rem",
                    "size": 1.1,
                    "sizes": []
                },
                "typography_font_weight": "400",
                "typography_font_style": "italic",
                "typography_line_height": {
                    "unit": "em",
                    "size": 1.5,
                    "sizes": []
                },
                "_id": "69431e0",
                "title": "Quotes Text",
                "typography_line_height_tablet": {
                    "unit": "em",
                    "size": 1.5,
                    "sizes": []
                },
                "typography_line_height_mobile": {
                    "unit": "em",
                    "size": 1.5,
                    "sizes": []
                }
            },
            {
                "typography_typography": "custom",
                "typography_font_family": "Lato",
                "typography_font_size": {
                    "unit": "rem",
                    "size": 3.8,
                    "sizes": []
                },
                "typography_font_size_tablet": {
                    "unit": "rem",
                    "size": 3.5,
                    "sizes": []
                },
                "typography_font_size_mobile": {
                    "unit": "rem",
                    "size": 2,
                    "sizes": []
                },
                "typography_font_weight": "600",
                "typography_line_height": {
                    "unit": "em",
                    "size": 1.2,
                    "sizes": []
                },
                "typography_word_spacing": {
                    "unit": "em",
                    "size": "",
                    "sizes": []
                },
                "_id": "e54c9ff",
                "title": "Extra Large TItle \/ H2"
            },
            {
                "typography_typography": "custom",
                "typography_font_family": "Lato",
                "typography_font_size": {
                    "unit": "rem",
                    "size": 12,
                    "sizes": []
                },
                "typography_font_size_tablet": {
                    "unit": "rem",
                    "size": 8,
                    "sizes": []
                },
                "typography_font_size_mobile": {
                    "unit": "rem",
                    "size": 5,
                    "sizes": []
                },
                "typography_font_weight": "800",
                "typography_line_height": {
                    "unit": "em",
                    "size": 1,
                    "sizes": []
                },
                "typography_word_spacing": {
                    "unit": "em",
                    "size": "",
                    "sizes": []
                },
                "_id": "4bcabd0",
                "title": "404 Text",
                "typography_line_height_tablet": {
                    "unit": "em",
                    "size": 1,
                    "sizes": []
                },
                "typography_line_height_mobile": {
                    "unit": "em",
                    "size": 1,
                    "sizes": []
                }
            },
            {
                "typography_typography": "custom",
                "typography_font_family": "Lato",
                "typography_font_size": {
                    "unit": "em",
                    "size": 1.1,
                    "sizes": []
                },
                "typography_font_size_tablet": {
                    "unit": "rem",
                    "size": 1.1,
                    "sizes": []
                },
                "typography_font_size_mobile": {
                    "unit": "rem",
                    "size": 1,
                    "sizes": []
                },
                "typography_font_weight": "600",
                "typography_line_height": {
                    "unit": "em",
                    "size": 1.2,
                    "sizes": []
                },
                "_id": "67286a6",
                "title": "List Text",
                "typography_line_height_tablet": {
                    "unit": "em",
                    "size": 1.2,
                    "sizes": []
                },
                "typography_line_height_mobile": {
                    "unit": "em",
                    "size": 1.2,
                    "sizes": []
                }
            },
            {
                "typography_typography": "custom",
                "typography_font_family": "Karla",
                "typography_font_size": {
                    "unit": "rem",
                    "size": 1,
                    "sizes": []
                },
                "typography_font_size_tablet": {
                    "unit": "rem",
                    "size": 1,
                    "sizes": []
                },
                "typography_font_size_mobile": {
                    "unit": "rem",
                    "size": 0.9,
                    "sizes": []
                },
                "typography_font_weight": "600",
                "typography_line_height": {
                    "unit": "em",
                    "size": 1.2,
                    "sizes": []
                },
                "typography_line_height_tablet": {
                    "unit": "em",
                    "size": 1.2,
                    "sizes": []
                },
                "typography_line_height_mobile": {
                    "unit": "em",
                    "size": 1.2,
                    "sizes": []
                },
                "typography_word_spacing": {
                    "unit": "em",
                    "size": "",
                    "sizes": []
                },
                "subtypography_typography": "custom",
                "subtypography_font_family": "DM Sans",
                "subtypography_font_size": {
                    "unit": "rem",
                    "size": 1.125,
                    "sizes": []
                },
                "subtypography_font_size_tablet": {
                    "unit": "rem",
                    "size": 1.1,
                    "sizes": []
                },
                "subtypography_font_size_mobile": {
                    "unit": "rem",
                    "size": 1,
                    "sizes": []
                },
                "subtypography_font_weight": "500",
                "subtypography_line_height": {
                    "unit": "em",
                    "size": 1.2,
                    "sizes": []
                },
                "subtypography_line_height_tablet": {
                    "unit": "em",
                    "size": 1.2,
                    "sizes": []
                },
                "subtypography_line_height_mobile": {
                    "unit": "em",
                    "size": 1.2,
                    "sizes": []
                },
                "_id": "5762e5f",
                "title": "Menus Text"
            }
        ],
        "default_generic_fonts": "Sans-serif",
        "container_width": {
            "unit": "px",
            "size": 1400,
            "sizes": []
        },
        "page_title_selector": "h1.entry-title",
        "hello_footer_copyright_text": "All rights reserved",
        "viewport_md": 768,
        "viewport_lg": 1025,
        "body_background_background": "classic",
        "__globals__": {
            "body_background_color": "globals\/colors?id=secondary",
            "body_color": "globals\/colors?id=text",
            "body_typography_typography": "globals\/typography?id=text",
            "link_normal_color": "globals\/colors?id=13ff17d",
            "link_normal_typography_typography": "",
            "h1_color": "globals\/colors?id=primary",
            "h1_typography_typography": "globals\/typography?id=6a1f3c3",
            "h2_color": "globals\/colors?id=primary",
            "h2_typography_typography": "globals\/typography?id=e54c9ff",
            "h3_color": "globals\/colors?id=primary",
            "h3_typography_typography": "globals\/typography?id=bca2654",
            "h4_color": "globals\/colors?id=primary",
            "h4_typography_typography": "globals\/typography?id=d8f4baf",
            "h5_color": "globals\/colors?id=primary",
            "h5_typography_typography": "globals\/typography?id=32c26e0",
            "h6_color": "globals\/colors?id=primary",
            "link_hover_color": "globals\/colors?id=accent",
            "h6_typography_typography": "globals\/typography?id=cfb4b20",
            "button_typography_typography": "globals\/typography?id=accent",
            "button_text_color": "globals\/colors?id=accent",
            "button_background_color": "globals\/colors?id=13ff17d",
            "button_border_color": "globals\/colors?id=13ff17d",
            "button_hover_text_color": "globals\/colors?id=accent",
            "button_hover_background_color": "globals\/colors?id=f340149",
            "button_hover_border_color": "globals\/colors?id=13ff17d"
        },
        "activeItemIndex": 1,
        "button_border_width": {
            "unit": "px",
            "top": "2",
            "right": "2",
            "bottom": "2",
            "left": "2",
            "isLinked": true
        },
        "button_border_radius": {
            "unit": "px",
            "top": "5",
            "right": "5",
            "bottom": "5",
            "left": "5",
            "isLinked": true
        },
        "button_hover_border_width": {
            "unit": "px",
            "top": "2",
            "right": "2",
            "bottom": "2",
            "left": "2",
            "isLinked": true
        },
        "button_hover_border_radius": {
            "unit": "px",
            "top": "5",
            "right": "5",
            "bottom": "5",
            "left": "5",
            "isLinked": true
        },
        "button_padding": {
            "unit": "px",
            "top": "15",
            "right": "18",
            "bottom": "15",
            "left": "18",
            "isLinked": false
        },
        "body_color": "#3A3A3A",
        "link_normal_color": "#F2C230",
        "link_normal_typography_font_family": "Karla",
        "link_normal_typography_font_size": {
            "unit": "rem",
            "size": 1,
            "sizes": []
        },
        "link_normal_typography_font_weight": "400",
        "link_normal_typography_line_height": {
            "unit": "em",
            "size": 1.2,
            "sizes": []
        },
        "link_normal_typography_word_spacing": {
            "unit": "em",
            "size": "",
            "sizes": []
        },
        "button_background_color": "#F2C230",
        "button_border_color": "#F2C230",
        "button_hover_background_color": "#F2B33D00",
        "button_hover_border_color": "#F2C230",
        "link_normal_typography_font_size_tablet": {
            "unit": "rem",
            "size": 0.9,
            "sizes": []
        },
        "link_normal_typography_font_size_mobile": {
            "unit": "rem",
            "size": 0.7,
            "sizes": []
        },
        "button_border_border": "solid",
        "button_hover_border_border": "solid",
        "container_padding": {
            "unit": "px",
            "top": "0",
            "right": "0",
            "bottom": "0",
            "left": "0",
            "isLinked": true
        },
        "container_width_tablet": {
            "unit": "%",
            "size": 90,
            "sizes": []
        },
        "container_width_mobile": {
            "unit": "%",
            "size": 90,
            "sizes": []
        },
        "container_padding_tablet": {
            "unit": "px",
            "top": "0",
            "right": "0",
            "bottom": "0",
            "left": "0",
            "isLinked": true
        },
        "container_padding_mobile": {
            "unit": "px",
            "top": "0",
            "right": "0",
            "bottom": "0",
            "left": "0",
            "isLinked": true
        }
    }
}